created_at,entry_id,field1,field2,field3,field4,field5,field6,field7,field8
2025-02-14 08:00:15+00:00,1406,4.21,22.1,28.89,,,,,
2025-02-14 08:00:30+00:00,1407,67.34,52.23,37.63,76.04,29.14,53.46,22.78,29.06
2025-02-14 08:00:46+00:00,1408,63.43,52.16,37.4,76.06,29.46,57.79,23.27,29.25
2025-02-14 08:01:02+00:00,1409,60.68,51.97,36.93,75.87,29.77,60.15,23.88,29.38
2025-02-14 08:01:18+00:00,1410,58.03,51.49,36.86,75.48,30.09,62.18,24.55,29.39
2025-02-14 08:01:33+00:00,1411,56.63,51.38,36.95,75.49,30.25,63.71,24.88,29.32
2025-02-14 08:01:48+00:00,1412,54.71,50.81,36.82,75.1,30.48,65.58,25.4,29.32
2025-02-14 08:02:03+00:00,1413,6.55,25.86,29.3,,,,,
2025-02-14 08:02:19+00:00,1414,52.24,50.27,37.44,74.84,30.85,67.67,26.38,29.29
2025-02-14 08:02:34+00:00,1415,8.63,26.88,29.24,,,,,
2025-02-14 08:02:49+00:00,1416,50.26,49.49,37.71,74.88,31.09,69.63,27.16,29.23
2025-02-14 08:03:05+00:00,1417,49.66,49.16,37.54,74.83,31.1,70.33,27.59,29.16
2025-02-14 08:03:21+00:00,1418,53.56,48.7,37.17,74.68,31.19,62.73,24.07,29.17
2025-02-14 08:03:36+00:00,1419,9.43,17.99,29.15,,,,,
2025-02-14 08:03:52+00:00,1420,8.0,13.14,28.86,,,,,
2025-02-14 08:04:07+00:00,1421,71.46,47.61,37.78,73.38,26.72,56.75,11.83,28.64
2025-02-14 08:04:26+00:00,1422,73.3,47.44,37.87,72.1,25.78,55.24,15.79,28.54
2025-02-14 08:04:42+00:00,1423,5.18,16.96,28.55,,,,,
2025-02-14 08:04:58+00:00,1424,74.59,47.56,37.08,71.51,24.63,55.1,17.87,28.26
2025-02-14 08:05:14+00:00,1425,75.21,47.8,36.26,71.21,24.29,54.73,18.41,28.05
2025-02-14 08:05:29+00:00,1426,4.7,18.58,27.93,,,,,
2025-02-14 08:05:44+00:00,1427,77.26,47.78,35.94,70.7,23.29,55.1,18.61,27.77
2025-02-14 08:06:00+00:00,1428,78.26,47.8,36.67,70.67,22.85,55.28,18.43,27.72
2025-02-14 08:06:15+00:00,1429,79.48,47.97,36.26,70.93,22.8,55.0,18.33,27.55
2025-02-14 08:06:31+00:00,1430,80.42,47.97,35.6,71.1,22.65,55.37,18.38,27.43
2025-02-14 08:06:46+00:00,1431,5.36,18.4,27.18,,,,,
2025-02-14 08:07:01+00:00,1432,82.14,48.32,35.33,71.6,22.19,55.69,18.39,27.16
2025-02-14 08:07:17+00:00,1433,82.82,48.43,35.54,71.98,22.17,55.21,18.7,27.02
2025-02-14 08:07:34+00:00,1434,83.34,48.58,36.09,72.14,22.07,55.06,18.68,26.99
2025-02-14 08:07:49+00:00,1435,83.96,48.77,36.56,72.39,21.95,54.95,18.73,26.74
2025-02-14 08:08:05+00:00,1436,84.49,48.96,34.78,72.8,21.92,54.89,18.5,26.86
2025-02-14 08:08:20+00:00,1437,84.97,48.99,35.32,73.05,21.86,55.18,18.63,26.74
2025-02-14 08:08:36+00:00,1438,5.0,18.63,26.55,,,,,
2025-02-14 08:08:51+00:00,1439,85.44,49.2,34.35,73.54,21.85,54.4,18.61,26.53
2025-02-14 08:09:06+00:00,1440,85.66,49.23,34.58,73.81,21.79,54.81,18.77,26.49
2025-02-14 08:09:22+00:00,1441,85.94,49.39,35.34,74.04,21.86,55.02,18.51,26.46
2025-02-14 08:09:37+00:00,1442,86.51,49.57,35.91,74.21,21.78,55.03,18.4,26.49
2025-02-14 08:09:53+00:00,1443,4.92,18.39,26.38,,,,,
2025-02-14 08:10:08+00:00,1444,86.46,49.86,36.17,74.41,21.84,54.85,18.4,26.31
2025-02-14 08:10:23+00:00,1445,86.87,49.86,35.88,74.54,21.8,54.64,18.3,26.39
2025-02-14 08:10:39+00:00,1446,4.81,18.2,26.38,,,,,
2025-02-14 08:10:54+00:00,1447,86.78,50.18,36.37,74.81,21.78,54.61,18.17,26.23
2025-02-14 08:11:10+00:00,1448,86.93,50.29,35.81,75.0,21.79,54.35,18.17,26.31
2025-02-14 08:11:25+00:00,1449,86.89,50.33,35.08,75.22,21.91,54.42,18.36,26.26
2025-02-14 08:11:41+00:00,1450,86.68,50.39,35.76,75.38,21.95,54.44,18.45,26.15
2025-02-14 08:11:56+00:00,1451,4.48,18.51,26.19,,,,,
2025-02-14 08:12:11+00:00,1452,86.53,50.69,35.59,75.3,22.1,54.36,18.54,26.22
2025-02-14 08:12:27+00:00,1453,4.37,18.51,26.15,,,,,
2025-02-14 08:12:42+00:00,1454,6.15,75.21,22.11,54.46,18.62,26.15,,
2025-02-14 08:12:59+00:00,1455,86.66,50.72,35.01,75.33,22.17,54.68,18.74,26.20
2025-02-14 08:13:14+00:00,1456,4.28,18.77,26.13,,,,,
2025-02-14 08:13:30+00:00,1457,4.23,18.73,26.19,,,,,
2025-02-14 08:13:45+00:00,1458,86.29,50.7,36.52,75.36,22.36,54.26,18.62,26.11
2025-02-14 08:14:04+00:00,1459,86.29,50.8,36.82,75.22,22.36,54.34,18.79,26.18
2025-02-14 08:14:20+00:00,1460,4.38,18.81,26.18,,,,,
2025-02-14 08:14:35+00:00,1461,85.88,50.93,37.32,75.34,22.4,54.57,18.6,25.95
2025-02-14 08:14:50+00:00,1462,86.05,50.97,37.26,75.32,22.4,54.76,18.58,26.04
2025-02-14 08:15:06+00:00,1463,85.77,50.91,37.25,75.24,22.49,54.41,18.72,25.95
2025-02-14 08:15:21+00:00,1464,85.64,50.91,37.36,75.29,22.48,54.4,18.68,25.92
2025-02-14 08:15:37+00:00,1465,85.51,50.91,37.29,75.38,22.45,54.4,18.57,25.98
2025-02-14 08:15:53+00:00,1466,7.29,75.36,22.48,54.19,18.64,25.96,,
2025-02-14 08:16:08+00:00,1467,85.51,50.95,36.8,75.06,22.53,54.28,18.65,25.95
2025-02-14 08:16:24+00:00,1468,6.28,75.1,22.52,54.42,18.62,25.92,,
2025-02-14 08:16:39+00:00,1469,85.42,50.82,36.74,75.14,22.54,54.48,18.71,26.02
2025-02-14 08:16:55+00:00,1470,6.0,22.57,54.43,18.64,26.03,,,
2025-02-14 08:17:10+00:00,1471,0.45,54.53,18.62,25.98,,,,
2025-02-14 08:17:26+00:00,1472,85.72,50.88,36.71,74.94,22.38,54.64,18.53,25.96
2025-02-14 08:17:41+00:00,1473,86.01,50.96,37.05,74.96,22.29,54.61,18.45,25.84
2025-02-14 08:17:57+00:00,1474,6.9,74.87,22.27,54.61,18.4,25.83,,
2025-02-14 08:18:13+00:00,1475,86.36,50.93,36.94,75.18,22.27,54.62,18.32,25.79
2025-02-14 08:18:29+00:00,1476,86.4,51.02,37.15,75.24,22.29,54.76,18.32,25.74
2025-02-14 08:18:44+00:00,1477,86.55,51.12,37.07,75.37,22.2,54.63,18.31,25.77
2025-02-14 08:18:59+00:00,1478,86.59,50.95,37.48,75.43,22.17,54.64,18.26,25.76
2025-02-14 08:19:15+00:00,1479,86.61,51.08,37.54,75.45,22.17,54.82,18.05,25.69
2025-02-14 08:19:30+00:00,1480,86.7,51.14,37.44,75.49,22.05,54.86,17.9,25.58
2025-02-14 08:19:47+00:00,1481,86.72,51.12,37.77,75.48,22.06,54.88,17.86,25.61
2025-02-14 08:20:03+00:00,1482,0.04,54.8,17.71,25.66,,,,
2025-02-14 08:20:18+00:00,1483,86.97,51.12,36.94,75.93,21.97,55.03,17.67,25.57
2025-02-14 08:20:34+00:00,1484,4.88,17.56,25.68,,,,,
2025-02-14 08:20:50+00:00,1485,6.76,75.8,21.97,54.97,17.77,25.6,,
2025-02-14 08:21:06+00:00,1486,5.0,17.86,25.47,,,,,
2025-02-14 08:21:21+00:00,1487,87.27,51.19,36.57,76.05,22.06,55.21,17.81,25.52
2025-02-14 08:21:37+00:00,1488,87.33,51.47,36.78,76.15,22.12,55.55,17.81,25.48
2025-02-14 08:21:52+00:00,1489,87.53,51.48,36.47,76.1,22.09,55.52,17.74,25.48
2025-02-14 08:22:07+00:00,1490,87.68,51.39,36.43,76.12,22.08,55.49,17.65,25.67
2025-02-14 08:22:23+00:00,1491,87.54,51.36,36.43,76.2,22.04,55.21,17.56,25.51
2025-02-14 08:22:38+00:00,1492,5.96,76.06,22.02,54.93,17.45,25.52,,
2025-02-14 08:22:53+00:00,1493,87.56,51.45,36.0,76.04,22.05,55.02,17.46,25.49
2025-02-14 08:23:09+00:00,1494,87.31,51.58,35.76,76.3,22.0,55.15,17.5,25.50
2025-02-14 08:23:25+00:00,1495,87.66,51.43,35.35,76.15,22.08,55.23,17.53,25.44
2025-02-14 08:23:40+00:00,1496,87.64,51.49,36.43,76.13,22.02,55.46,17.49,25.48
2025-02-14 08:23:56+00:00,1497,87.62,51.39,36.51,76.24,22.04,55.25,17.62,25.38
2025-02-14 08:24:11+00:00,1498,6.35,76.24,22.17,55.21,17.65,25.22,,
2025-02-14 08:24:26+00:00,1499,5.07,17.49,25.28,,,,,
2025-02-14 08:24:42+00:00,1500,87.43,51.47,35.5,76.38,22.25,55.03,17.49,25.26
2025-02-14 08:24:57+00:00,1501,87.68,51.45,36.22,76.21,22.22,55.28,17.53,25.26
2025-02-14 08:25:12+00:00,1502,87.49,51.52,36.26,76.28,22.19,55.07,17.58,25.22
2025-02-14 08:25:28+00:00,1503,5.81,76.26,22.36,54.65,17.63,25.11,,
2025-02-14 08:25:43+00:00,1504,5.36,76.09,22.43,54.55,17.47,25.14,,
2025-02-14 08:25:58+00:00,1505,86.7,51.44,36.27,76.13,22.45,54.45,17.52,25.16
2025-02-14 08:26:14+00:00,1506,86.59,51.33,36.67,75.84,22.49,54.38,17.57,25.22
2025-02-14 08:26:29+00:00,1507,86.57,51.41,36.53,75.86,22.52,54.38,17.55,25.22
2025-02-14 08:26:44+00:00,1508,86.59,51.3,36.57,75.52,22.46,54.45,17.49,25.26
2025-02-14 08:27:00+00:00,1509,4.22,17.56,25.22,,,,,
2025-02-14 08:27:16+00:00,1510,85.57,51.14,36.81,75.36,22.57,54.27,17.45,25.22
2025-02-14 08:27:31+00:00,1511,85.59,51.27,36.62,75.18,22.57,54.39,17.37,25.23
2025-02-14 08:27:47+00:00,1512,85.46,51.2,35.5,75.04,22.65,54.12,17.43,25.30
2025-02-14 08:28:02+00:00,1513,85.37,50.99,36.13,74.85,22.67,54.53,17.56,25.37
2025-02-14 08:28:17+00:00,1514,85.48,51.24,36.31,74.84,22.74,54.81,17.67,25.19
2025-02-14 08:28:33+00:00,1515,85.21,51.14,35.6,74.69,22.84,54.85,17.6,25.23
2025-02-14 08:28:49+00:00,1516,85.31,51.08,36.02,74.5,22.99,54.94,17.49,25.41
2025-02-14 08:29:04+00:00,1517,85.17,51.17,35.99,74.43,22.93,54.95,17.42,25.30
2025-02-14 08:29:19+00:00,1518,84.92,51.17,35.8,74.44,22.98,55.0,17.37,25.18
2025-02-14 08:29:35+00:00,1519,4.45,74.29,23.02,54.98,17.3,25.26,,
2025-02-14 08:29:51+00:00,1520,84.54,50.74,34.55,74.16,23.0,54.49,17.46,25.35
2025-02-14 08:30:06+00:00,1521,84.19,50.89,34.66,74.24,23.01,54.95,17.44,25.26
2025-02-14 08:30:22+00:00,1522,84.17,50.93,34.57,73.93,22.98,54.62,17.45,25.30
2025-02-14 08:30:37+00:00,1523,83.95,50.85,34.99,73.77,23.0,54.73,17.54,25.32
2025-02-14 08:30:53+00:00,1524,83.91,50.77,34.27,73.72,23.06,54.55,17.53,25.24
2025-02-14 08:31:08+00:00,1525,83.79,50.57,34.75,73.56,23.01,54.51,17.57,25.20
2025-02-14 08:31:23+00:00,1526,83.77,50.61,33.6,73.47,23.01,54.27,17.56,25.30
2025-02-14 08:31:38+00:00,1527,3.48,73.38,23.02,54.29,17.57,25.22,,
2025-02-14 08:31:54+00:00,1528,83.29,50.29,34.05,73.04,22.98,54.39,17.59,25.36
2025-02-14 08:32:09+00:00,1529,83.17,50.41,33.74,73.03,23.02,54.27,17.56,25.22
2025-02-14 08:32:25+00:00,1530,4.67,17.64,25.2,,,,,
2025-02-14 08:32:40+00:00,1531,82.65,50.26,33.71,72.76,23.08,54.03,17.61,25.25
2025-02-14 08:32:56+00:00,1532,4.46,17.5,25.33,,,,,
2025-02-14 08:33:11+00:00,1533,82.63,49.97,33.62,72.65,23.01,54.24,17.47,25.32
2025-02-14 08:33:27+00:00,1534,4.2,17.41,25.28,,,,,
2025-02-14 08:33:42+00:00,1535,4.06,17.4,25.31,,,,,
2025-02-14 08:33:58+00:00,1536,82.29,49.85,33.67,72.28,23.12,53.95,17.47,25.26
2025-02-14 08:34:14+00:00,1537,82.07,49.87,34.43,72.32,23.1,54.44,17.42,25.22
2025-02-14 08:34:29+00:00,1538,81.79,49.85,34.33,72.23,23.08,54.09,17.29,25.26
2025-02-14 08:34:44+00:00,1539,81.87,49.88,34.83,72.23,23.04,54.12,17.18,25.27
2025-02-14 08:35:00+00:00,1540,81.83,49.87,35.06,72.18,23.06,54.01,17.24,25.20
2025-02-14 08:35:15+00:00,1541,4.83,72.17,23.06,54.29,17.24,25.17,,
2025-02-14 08:35:31+00:00,1542,81.63,49.85,34.68,71.95,23.1,54.34,17.28,25.26
2025-02-14 08:35:46+00:00,1543,81.61,49.76,34.89,71.93,23.07,54.58,17.17,25.15
2025-02-14 08:36:01+00:00,1544,0.15,,,,,,,
2025-02-14 08:36:17+00:00,1545,4.41,17.17,25.23,,,,,
2025-02-14 08:36:32+00:00,1546,81.45,49.79,35.39,71.48,23.15,54.56,17.08,25.22
2025-02-14 08:36:48+00:00,1547,81.31,49.77,35.41,71.46,23.11,54.43,17.02,25.22
2025-02-14 08:37:03+00:00,1548,81.23,49.8,35.91,71.38,23.12,54.27,17.05,25.11
2025-02-14 08:37:18+00:00,1549,81.16,49.47,35.99,71.29,23.12,54.18,16.95,25.10
2025-02-14 08:37:34+00:00,1550,81.12,49.63,36.25,71.17,23.13,53.96,16.99,24.97
2025-02-14 08:37:49+00:00,1551,80.96,49.54,36.24,71.15,23.06,53.96,16.94,25.04
2025-02-14 08:38:05+00:00,1552,80.86,49.59,35.74,70.96,23.08,53.77,16.92,25.08
2025-02-14 08:38:20+00:00,1553,80.7,49.51,36.19,71.07,23.06,53.57,16.85,25.14
2025-02-14 08:38:36+00:00,1554,6.35,70.94,23.02,53.44,16.82,25.17,,
2025-02-14 08:38:51+00:00,1555,80.14,49.32,35.38,70.72,23.02,53.55,16.82,25.15
2025-02-14 08:39:07+00:00,1556,80.06,49.26,36.02,70.55,22.98,53.62,16.74,25.18
2025-02-14 08:39:23+00:00,1557,3.81,16.7,24.98,,,,,
2025-02-14 08:39:38+00:00,1558,80.06,49.51,36.05,70.49,22.99,53.67,16.69,25.10
2025-02-14 08:39:54+00:00,1559,3.82,16.64,25.11,,,,,
2025-02-14 08:40:09+00:00,1560,79.79,49.42,36.28,70.39,22.99,53.82,16.61,25.18
2025-02-14 08:40:25+00:00,1561,0.11,,,,,,,
2025-02-14 08:40:41+00:00,1562,79.59,49.33,36.16,70.31,23.01,53.64,16.4,25.17
2025-02-14 08:40:56+00:00,1563,79.47,49.31,35.13,70.38,23.06,53.37,16.37,25.07
2025-02-14 08:41:11+00:00,1564,79.33,49.07,35.84,69.97,23.1,53.39,16.31,25.11
2025-02-14 08:41:27+00:00,1565,79.12,49.25,35.9,69.75,23.04,53.41,16.31,25.10
2025-02-14 08:41:42+00:00,1566,79.0,49.07,36.05,69.67,23.08,53.39,16.38,25.17
2025-02-14 08:41:58+00:00,1567,78.98,48.95,36.16,69.53,23.15,53.34,16.29,25.25
2025-02-14 08:42:13+00:00,1568,78.91,49.14,36.39,69.55,23.23,53.58,16.08,25.15
2025-02-14 08:42:29+00:00,1569,78.86,49.11,36.46,69.48,23.34,53.62,15.76,25.18
2025-02-14 08:42:44+00:00,1570,78.89,48.85,35.71,69.43,23.36,53.93,15.64,25.15
2025-02-14 08:43:00+00:00,1571,78.88,48.95,32.23,69.34,23.39,53.59,15.68,25.16
2025-02-14 08:43:16+00:00,1572,78.75,48.94,32.37,69.25,23.43,53.56,15.75,25.14
2025-02-14 08:43:31+00:00,1573,78.57,48.87,32.11,69.07,23.37,53.34,15.92,25.18
2025-02-14 08:43:47+00:00,1574,78.32,48.71,33.68,68.89,23.35,53.29,16.04,25.07
2025-02-14 08:44:03+00:00,1575,78.23,48.75,34.25,68.93,23.27,53.44,16.06,25.15
2025-02-14 08:44:18+00:00,1576,3.57,16.03,25.07,,,,,
2025-02-14 08:44:34+00:00,1577,77.91,48.7,33.99,68.66,23.35,53.26,15.76,25.04
2025-02-14 08:44:49+00:00,1578,77.81,48.6,34.07,68.66,23.41,53.52,15.51,25.15
2025-02-14 08:45:05+00:00,1579,3.49,15.07,25.11,,,,,
2025-02-14 08:45:20+00:00,1580,77.79,48.47,33.59,77.71,48.58,33.54,68.45,23.42field9=53.45field10=15.01field11=25.03
2025-02-14 08:45:36+00:00,1581,77.65,48.66,33.98,68.49,23.39,53.37,14.96,25.04
2025-02-14 08:45:51+00:00,1582,77.59,48.55,34.06,68.42,23.42,53.52,15.15,25.01
2025-02-14 08:46:07+00:00,1583,77.35,48.55,34.13,68.53,23.35,53.27,15.2,25.06
2025-02-14 08:46:23+00:00,1584,77.23,48.55,33.44,68.39,23.36,53.26,15.12,25.03
2025-02-14 08:46:38+00:00,1585,77.14,48.38,34.05,68.17,23.36,53.33,15.1,24.98
2025-02-14 08:46:54+00:00,1586,77.07,48.5,33.77,68.04,23.33,53.55,15.08,25.11
2025-02-14 08:47:09+00:00,1587,76.87,48.52,32.92,67.84,23.36,53.79,15.3,25.07
2025-02-14 08:47:24+00:00,1588,76.84,48.52,32.78,67.81,23.38,53.46,15.13,25.11
2025-02-14 08:47:40+00:00,1589,76.7,48.3,33.38,67.74,23.44,53.58,14.93,25.15
2025-02-14 08:47:55+00:00,1590,76.6,48.34,33.51,67.54,23.48,53.6,14.86,25.13
2025-02-14 08:48:11+00:00,1591,76.5,48.33,32.65,67.59,23.51,53.4,14.67,25.12
2025-02-14 08:48:29+00:00,1592,3.68,14.45,25.18,,,,,
2025-02-14 08:48:45+00:00,1593,76.37,48.2,33.0,67.29,23.6,53.62,14.58,25.08
2025-02-14 08:49:00+00:00,1594,76.32,48.27,33.18,67.08,23.61,53.62,14.69,25.13
2025-02-14 08:49:16+00:00,1595,76.31,48.27,33.58,67.1,23.69,53.79,14.74,25.10
2025-02-14 08:49:31+00:00,1596,4.18,14.73,25.03,,,,,
2025-02-14 08:49:47+00:00,1597,76.28,48.2,32.52,67.15,23.76,54.16,14.3,25.07
2025-02-14 08:50:02+00:00,1598,75.91,47.92,33.64,66.99,23.75,53.37,14.01,25.18
2025-02-14 08:50:17+00:00,1599,3.23,14.35,25.11,,,,,
2025-02-14 08:50:33+00:00,1600,3.32,14.49,25.08,,,,,
2025-02-14 08:50:48+00:00,1601,3.68,66.86,23.82,53.39,14.48,25.12,,
2025-02-14 08:51:04+00:00,1602,75.45,48.0,33.86,66.68,23.87,53.63,14.44,25.17
2025-02-14 08:51:19+00:00,1603,75.49,47.87,33.76,66.57,23.85,53.32,14.65,25.07
2025-02-14 08:51:34+00:00,1604,75.37,47.82,33.71,66.41,23.84,53.17,14.87,25.13
2025-02-14 08:51:50+00:00,1605,75.32,47.75,34.19,66.23,23.76,53.31,14.9,25.11
2025-02-14 08:52:06+00:00,1606,74.98,47.8,34.78,66.13,23.75,53.29,14.84,25.12
2025-02-14 08:52:21+00:00,1607,5.07,66.2,23.69,53.16,14.75,25.06,,
2025-02-14 08:52:37+00:00,1608,74.9,47.77,34.62,66.11,23.76,53.24,14.67,25.08
2025-02-14 08:52:52+00:00,1609,74.87,47.69,34.44,66.1,23.76,53.39,14.35,25.11
2025-02-14 08:53:07+00:00,1610,74.94,47.73,34.24,65.97,23.8,53.29,14.15,25.05
2025-02-14 08:53:22+00:00,1611,74.8,47.71,33.96,66.01,23.72,53.61,14.24,25.02
2025-02-14 08:53:38+00:00,1612,74.64,47.79,34.25,65.95,23.75,53.37,14.38,25.01
2025-02-14 08:53:53+00:00,1613,3.44,14.63,25.08,,,,,
2025-02-14 08:54:10+00:00,1614,3.71,65.69,23.67,53.19,14.61,25.03,,
2025-02-14 08:54:26+00:00,1615,74.41,47.26,33.19,65.59,23.72,53.3,14.76,25.05
2025-02-14 08:54:41+00:00,1616,74.55,47.6,33.99,65.7,23.65,53.42,14.63,25.04
2025-02-14 08:54:57+00:00,1617,74.46,47.29,33.16,65.6,23.75,53.26,14.15,25.12
2025-02-14 08:55:12+00:00,1618,74.38,47.35,33.7,65.42,23.76,53.34,13.97,25.12
2025-02-14 08:55:28+00:00,1619,3.74,65.37,23.76,53.5,13.99,25.14,,
2025-02-14 08:55:43+00:00,1620,74.22,47.35,34.3,65.31,23.76,53.49,14.04,25.08
2025-02-14 08:55:59+00:00,1621,74.28,47.34,33.6,65.32,23.68,53.39,13.78,25.04
2025-02-14 08:56:14+00:00,1622,74.24,47.35,33.45,65.17,23.65,53.32,13.61,24.95
2025-02-14 08:56:30+00:00,1623,3.74,65.13,23.64,53.19,13.77,25.12,,
2025-02-14 08:56:45+00:00,1624,73.82,47.26,34.01,65.11,23.62,53.12,14.17,25.12
2025-02-14 08:57:01+00:00,1625,0.65,53.37,14.18,25.15,,,,
2025-02-14 08:57:16+00:00,1626,3.51,64.79,23.62,53.23,14.07,25.21,,
2025-02-14 08:57:31+00:00,1627,3.18,13.83,25.06,,,,,
2025-02-14 08:57:47+00:00,1628,73.54,47.11,34.87,64.74,23.59,53.38,13.72,25.02
2025-02-14 08:58:03+00:00,1629,3.34,13.76,25.1,,,,,
2025-02-14 08:58:18+00:00,1630,73.38,47.21,34.33,64.86,23.61,53.59,13.82,24.99
2025-02-14 08:58:34+00:00,1631,73.59,47.23,34.76,64.68,23.7,53.63,13.7,24.97
2025-02-14 08:58:49+00:00,1632,73.45,47.17,34.98,64.62,23.71,53.71,12.27,25.02
2025-02-14 08:59:05+00:00,1633,73.35,47.23,35.03,64.61,23.67,53.46,12.38,24.97
2025-02-14 08:59:20+00:00,1634,73.31,47.11,35.02,64.47,23.71,53.71,13.21,24.93
2025-02-14 08:59:36+00:00,1635,3.32,64.47,23.8,53.22,13.55,25.02,,
2025-02-14 08:59:51+00:00,1636,72.98,46.96,33.02,64.49,23.76,53.26,13.73,25.04
2025-02-14 09:00:07+00:00,1637,72.89,46.96,33.63,64.48,23.74,53.16,13.7,25.09
2025-02-14 09:00:23+00:00,1638,72.83,47.05,32.19,64.33,23.83,53.93,13.63,24.93
2025-02-14 09:00:38+00:00,1639,72.73,47.01,32.23,64.16,23.84,53.44,13.03,25.05
2025-02-14 09:00:54+00:00,1640,72.55,46.93,32.64,64.3,23.8,53.23,12.17,25.00
2025-02-14 09:01:09+00:00,1641,72.44,46.86,33.34,64.09,23.8,53.52,12.59,25.06
2025-02-14 09:01:24+00:00,1642,3.64,64.04,23.85,53.48,12.58,25.14,,
2025-02-14 09:01:39+00:00,1643,72.36,46.84,33.87,64.03,23.83,53.37,12.1,25.14
2025-02-14 09:01:55+00:00,1644,72.39,46.85,33.46,63.93,23.88,53.44,12.27,25.06
2025-02-14 09:02:11+00:00,1645,72.37,46.8,33.54,63.88,23.79,53.49,12.83,25.06
2025-02-14 09:02:27+00:00,1646,2.7,63.87,23.84,53.58,13.38,25.11,,
2025-02-14 09:02:42+00:00,1647,72.28,46.83,33.21,63.73,23.87,53.58,13.63,25.06
2025-02-14 09:02:58+00:00,1648,72.32,46.8,33.79,63.7,23.91,53.41,13.43,25.13
2025-02-14 09:03:13+00:00,1649,72.32,46.8,33.17,63.64,23.93,53.48,11.99,25.19
2025-02-14 09:03:29+00:00,1650,72.22,46.82,32.39,63.67,23.84,53.37,12.36,25.02
2025-02-14 09:03:45+00:00,1651,3.26,13.21,25.08,,,,,
2025-02-14 09:04:00+00:00,1652,72.11,46.71,32.67,63.61,23.8,53.24,13.6,25.14
2025-02-14 09:04:16+00:00,1653,3.11,13.55,25.06,,,,,
2025-02-14 09:04:31+00:00,1654,2.84,63.52,23.82,53.37,12.72,25.17,,
2025-02-14 09:04:47+00:00,1655,72.17,46.71,32.44,63.52,23.83,53.21,13.0,25.14
2025-02-14 09:05:02+00:00,1656,71.95,46.66,33.05,63.34,23.8,53.44,13.36,25.21
2025-02-14 09:05:18+00:00,1657,71.62,46.47,33.32,63.4,23.81,52.78,13.63,25.12
2025-02-14 09:05:33+00:00,1658,71.53,46.47,32.65,63.32,23.86,52.85,13.98,25.01
2025-02-14 09:05:49+00:00,1659,71.53,46.49,33.53,63.24,23.83,52.9,14.01,25.07
2025-02-14 09:06:05+00:00,1660,2.92,12.28,25.1,,,,,
2025-02-14 09:06:20+00:00,1661,71.41,45.98,33.91,63.09,23.89,52.76,11.97,25.11
2025-02-14 09:06:35+00:00,1662,4.34,63.02,23.92,53.09,11.77,25.14,,
2025-02-14 09:06:51+00:00,1663,2.91,12.37,25.1,,,,,
2025-02-14 09:07:06+00:00,1664,3.26,12.72,25.07,,,,,
2025-02-14 09:07:21+00:00,1665,71.4,46.34,34.35,62.95,23.86,53.25,12.94,25.14
2025-02-14 09:07:40+00:00,1666,4.34,62.94,23.9,53.33,13.1,25.1,,
2025-02-14 09:07:55+00:00,1667,4.47,62.89,23.92,53.3,13.13,25.13,,
2025-02-14 09:08:11+00:00,1668,71.45,46.26,34.39,62.83,23.82,53.47,13.27,25.07
2025-02-14 09:08:26+00:00,1669,5.03,62.85,23.9,53.42,13.29,25.14,,
2025-02-14 09:08:42+00:00,1670,71.52,46.33,35.35,62.79,23.86,53.44,13.25,25.11
2025-02-14 09:08:58+00:00,1671,3.59,13.21,25.07,,,,,
2025-02-14 09:09:13+00:00,1672,71.51,46.35,35.05,62.81,23.96,53.38,13.16,25.14
2025-02-14 09:09:29+00:00,1673,3.47,13.21,25.13,,,,,
2025-02-14 09:09:44+00:00,1674,71.48,46.33,35.92,62.79,24.04,53.58,13.18,25.22
2025-02-14 09:10:00+00:00,1675,71.47,46.36,35.85,62.93,23.94,53.55,13.34,25.17
2025-02-14 09:10:15+00:00,1676,71.42,46.42,35.87,62.78,23.98,53.43,13.46,25.12
2025-02-14 09:10:31+00:00,1677,71.48,46.43,34.6,62.87,24.0,53.49,13.57,25.15
2025-02-14 09:10:46+00:00,1678,3.5,13.59,25.15,,,,,
2025-02-14 09:11:02+00:00,1679,71.41,46.47,35.01,62.82,24.04,53.33,13.5,25.13
2025-02-14 09:11:17+00:00,1680,0.16,,,,,,,
2025-02-14 09:11:32+00:00,1681,71.53,46.58,34.5,62.9,24.05,53.9,13.6,25.15
2025-02-14 09:11:48+00:00,1682,71.56,46.47,35.31,62.92,24.09,53.61,12.66,25.07
2025-02-14 09:12:04+00:00,1683,71.52,46.45,35.39,62.86,24.11,53.87,12.95,25.15
2025-02-14 09:12:20+00:00,1684,3.82,13.22,25.11,,,,,
2025-02-14 09:12:36+00:00,1685,3.45,13.33,25.15,,,,,
2025-02-14 09:12:54+00:00,1686,3.58,13.42,25.12,,,,,
2025-02-14 09:13:09+00:00,1687,71.41,46.55,34.45,62.83,24.09,53.24,13.55,25.15
2025-02-14 09:13:24+00:00,1688,0.17,,,,,,,
2025-02-14 09:13:40+00:00,1689,71.38,46.39,33.18,62.93,24.03,53.29,13.62,25.06
2025-02-14 09:13:56+00:00,1690,71.42,46.36,33.8,62.75,24.05,53.18,12.08,25.15
2025-02-14 09:14:12+00:00,1691,71.33,46.39,33.99,62.81,24.07,53.16,11.8,25.14
2025-02-14 09:14:27+00:00,1692,71.27,46.33,34.26,62.72,24.06,53.25,11.77,25.13
2025-02-14 09:14:42+00:00,1693,3.48,11.67,25.23,,,,,
2025-02-14 09:14:58+00:00,1694,3.42,11.95,25.16,,,,,
2025-02-14 09:15:13+00:00,1695,70.93,46.39,34.67,62.74,24.11,53.29,12.18,25.17
2025-02-14 09:15:29+00:00,1696,70.87,46.42,34.63,62.58,24.06,53.42,12.63,25.12
2025-02-14 09:15:45+00:00,1697,70.83,46.45,34.69,62.61,24.06,53.27,12.97,25.08
2025-02-14 09:16:00+00:00,1698,3.32,13.0,25.07,,,,,
2025-02-14 09:16:16+00:00,1699,70.8,46.43,33.28,62.56,24.03,53.16,12.84,25.17
2025-02-14 09:16:32+00:00,1700,3.21,13.18,25.18,,,,,
2025-02-14 09:16:49+00:00,1701,70.8,46.49,33.19,62.57,24.04,53.47,13.27,25.15
2025-02-14 09:17:04+00:00,1702,70.93,46.27,33.86,62.45,24.03,53.34,12.21,25.10
2025-02-14 09:17:20+00:00,1703,70.94,46.3,33.96,62.32,24.08,53.6,11.95,25.14
2025-02-14 09:17:35+00:00,1704,70.81,46.42,33.57,62.27,24.01,53.37,12.48,25.07
2025-02-14 09:17:51+00:00,1705,70.8,46.34,33.12,62.27,24.09,53.37,13.11,25.09
2025-02-14 09:18:06+00:00,1706,70.68,46.25,33.8,62.18,24.08,53.44,13.39,25.16
2025-02-14 09:18:22+00:00,1707,70.89,46.26,34.12,62.24,24.11,53.49,12.5,25.25
2025-02-14 09:18:38+00:00,1708,70.8,46.29,33.58,62.24,24.14,53.49,12.04,25.18
2025-02-14 09:18:53+00:00,1709,70.86,46.34,33.69,62.22,24.13,53.62,12.45,25.16
2025-02-14 09:19:09+00:00,1710,3.6,12.73,25.21,,,,,
2025-02-14 09:19:25+00:00,1711,70.74,46.34,34.12,62.3,24.1,53.48,13.14,25.14
2025-02-14 09:19:40+00:00,1712,70.86,46.34,34.1,62.35,24.14,53.66,13.12,25.13
2025-02-14 09:19:55+00:00,1713,3.47,12.04,25.08,,,,,
2025-02-14 09:20:11+00:00,1714,70.84,46.34,34.01,62.31,24.15,53.6,12.16,25.13
2025-02-14 09:20:27+00:00,1715,70.73,46.34,34.41,62.32,24.06,53.4,12.78,25.13
2025-02-14 09:20:42+00:00,1716,3.67,62.23,24.01,53.44,13.2,25.3,,
2025-02-14 09:20:57+00:00,1717,70.82,46.45,33.42,62.28,24.01,53.66,13.58,25.18
2025-02-14 09:21:15+00:00,1718,3.81,13.48,25.14,,,,,
2025-02-14 09:21:33+00:00,1719,70.9,46.4,32.57,62.39,24.03,53.88,12.12,25.15
2025-02-14 09:21:48+00:00,1720,70.62,46.22,32.39,62.37,24.0,53.26,12.14,25.15
2025-02-14 09:22:04+00:00,1721,1.96,62.21,23.99,53.44,13.41,25.16,,
2025-02-14 09:22:20+00:00,1722,2.24,62.22,24.03,53.43,13.89,25.21,,
2025-02-14 09:22:35+00:00,1723,2.02,62.2,24.08,54.8,12.39,25.14,,
2025-02-14 09:22:50+00:00,1724,2.55,62.22,24.1,53.77,11.86,25.25,,
2025-02-14 09:23:06+00:00,1725,2.59,62.2,24.07,53.25,12.03,25.13,,
2025-02-14 09:23:22+00:00,1726,2.66,62.14,24.11,53.09,13.08,25.14,,
2025-02-14 09:23:38+00:00,1727,70.32,45.95,31.65,62.15,24.1,54.2,13.62,25.13
2025-02-14 09:23:53+00:00,1728,70.24,46.0,31.94,62.12,24.12,53.54,13.91,25.12
2025-02-14 09:24:08+00:00,1729,70.22,45.93,31.43,62.14,24.11,53.25,12.44,25.09
2025-02-14 09:24:24+00:00,1730,3.48,62.03,24.1,53.14,12.07,25.21,,
2025-02-14 09:24:40+00:00,1731,70.04,45.89,33.39,62.0,24.11,53.28,12.38,25.12
2025-02-14 09:24:56+00:00,1732,3.23,12.26,25.14,,,,,
2025-02-14 09:25:12+00:00,1733,3.59,61.84,24.15,53.39,12.54,25.15,,
2025-02-14 09:25:27+00:00,1734,3.17,12.82,25.12,,,,,
2025-02-14 09:25:43+00:00,1735,3.23,61.89,24.17,53.78,11.95,25.12,,
2025-02-14 09:25:58+00:00,1736,3.15,62.01,24.16,53.32,11.78,25.11,,
2025-02-14 09:26:14+00:00,1737,3.29,12.03,25.08,,,,,
2025-02-14 09:26:29+00:00,1738,3.6,12.69,25.23,,,,,
2025-02-14 09:26:45+00:00,1739,70.11,45.89,32.45,62.03,24.3,54.11,12.59,25.03
2025-02-14 09:27:01+00:00,1740,69.99,45.73,32.51,61.84,24.26,54.2,11.97,25.14
2025-02-14 09:27:17+00:00,1741,69.84,45.67,32.44,61.75,24.21,53.24,12.46,25.30
2025-02-14 09:27:33+00:00,1742,69.79,45.63,31.27,61.76,24.21,54.1,13.44,25.39
2025-02-14 09:27:48+00:00,1743,70.34,45.88,31.32,61.66,24.45,54.35,12.82,25.66
2025-02-14 09:28:03+00:00,1744,70.46,45.82,32.21,61.79,24.47,53.96,12.4,25.82
2025-02-14 09:28:19+00:00,1745,70.24,45.69,32.55,61.67,24.41,54.23,12.51,26.08
2025-02-14 09:28:35+00:00,1746,69.86,45.74,33.22,61.66,24.44,54.11,13.88,26.10
2025-02-14 09:28:51+00:00,1747,69.74,45.79,33.54,61.64,24.42,53.95,14.89,26.39
2025-02-14 09:29:06+00:00,1748,69.78,45.74,33.35,61.59,24.37,53.86,15.36,26.34
2025-02-14 09:29:21+00:00,1749,70.04,45.83,33.88,61.57,24.3,53.85,15.51,26.49
2025-02-14 09:29:36+00:00,1750,70.27,45.92,33.88,61.62,24.44,54.23,15.93,26.69
2025-02-14 09:29:52+00:00,1751,70.49,45.94,32.96,61.56,24.42,54.23,12.94,26.88
2025-02-14 09:30:08+00:00,1752,70.59,45.86,33.0,61.56,24.52,54.23,11.93,27.16
2025-02-14 09:30:24+00:00,1753,70.83,45.92,33.19,61.6,24.59,54.55,11.82,27.27
2025-02-14 09:30:39+00:00,1754,71.1,46.05,33.8,61.69,24.7,55.15,11.93,27.36
2025-02-14 09:30:55+00:00,1755,5.23,11.65,27.37,,,,,
2025-02-14 09:31:11+00:00,1756,71.41,46.08,34.44,61.94,24.85,55.06,11.61,27.39
2025-02-14 09:31:26+00:00,1757,71.4,46.26,34.37,62.03,24.89,55.4,11.55,27.30
2025-02-14 09:31:42+00:00,1758,5.1,11.51,27.55,,,,,
2025-02-14 09:31:57+00:00,1759,71.5,46.26,35.33,61.99,24.98,55.37,11.84,27.78
2025-02-14 09:32:13+00:00,1760,71.6,46.26,35.02,62.17,24.96,55.56,11.74,28.10
2025-02-14 09:32:28+00:00,1761,72.06,46.47,34.55,62.31,24.94,55.6,11.23,28.11
2025-02-14 09:32:44+00:00,1762,72.42,46.6,35.26,62.54,25.03,55.6,12.51,28.15
2025-02-14 09:32:59+00:00,1763,72.75,46.42,34.86,62.75,25.13,56.15,10.71,28.03
2025-02-14 09:33:15+00:00,1764,73.39,46.12,34.3,63.06,25.21,56.21,9.97,27.99
2025-02-14 09:33:30+00:00,1765,73.96,45.08,34.55,63.4,25.37,58.52,9.96,28.07
2025-02-14 09:33:45+00:00,1766,74.35,45.84,35.01,63.72,25.49,59.56,10.07,28.05
2025-02-14 09:34:01+00:00,1767,74.88,46.21,35.09,64.17,25.76,59.81,10.3,28.18
2025-02-14 09:34:16+00:00,1768,75.47,44.96,35.4,64.36,25.95,59.53,10.52,28.16
2025-02-14 09:34:32+00:00,1769,5.6,64.83,25.88,60.32,10.1,28.34,,
2025-02-14 09:34:47+00:00,1770,75.71,44.66,35.36,65.08,26.12,61.24,10.13,28.30
2025-02-14 09:35:03+00:00,1771,76.12,45.22,35.7,65.45,26.15,61.01,10.06,28.29
2025-02-14 09:35:19+00:00,1772,76.12,44.22,32.81,65.7,26.24,61.25,9.95,28.31
2025-02-14 09:35:34+00:00,1773,76.38,44.53,35.23,66.03,26.33,62.25,10.21,28.36
2025-02-14 09:35:50+00:00,1774,2.52,10.44,28.32,,,,,
2025-02-14 09:36:06+00:00,1775,2.26,10.51,28.2,,,,,
2025-02-14 09:36:21+00:00,1776,76.56,43.44,36.51,65.17,26.52,62.74,10.44,28.38
2025-02-14 09:36:37+00:00,1777,31.0,9.55,28.51,,,,,
2025-02-14 09:36:52+00:00,1778,78.21,43.58,35.63,66.82,27.25,63.88,10.27,28.59
2025-02-14 09:37:08+00:00,1779,78.67,43.45,35.17,67.54,27.53,64.01,10.56,28.63
2025-02-14 09:37:24+00:00,1780,78.86,43.32,34.22,67.87,27.83,64.65,10.73,28.71
2025-02-14 09:37:39+00:00,1781,4.32,68.46,27.99,65.19,10.95,28.63,,
2025-02-14 09:37:54+00:00,1782,5.37,11.12,28.54,,,,,
2025-02-14 09:38:10+00:00,1783,77.58,43.35,34.07,68.68,28.36,65.37,11.02,28.68
2025-02-14 09:38:28+00:00,1784,76.55,44.06,34.14,68.87,28.49,66.16,10.98,28.61
2025-02-14 09:38:43+00:00,1785,7.01,10.76,28.56,,,,,
2025-02-14 09:38:58+00:00,1786,76.44,43.59,34.99,69.64,28.63,66.41,10.67,28.68
2025-02-14 09:39:13+00:00,1787,6.14,10.7,28.84,,,,,
2025-02-14 09:39:29+00:00,1788,6.56,10.62,28.97,,,,,
2025-02-14 09:39:44+00:00,1789,75.83,42.72,36.27,69.42,28.79,66.85,10.44,29.02
2025-02-14 09:40:00+00:00,1790,75.09,43.3,35.17,69.51,28.96,66.54,10.69,29.01
2025-02-14 09:40:15+00:00,1791,76.13,42.83,34.16,69.38,29.09,66.27,11.12,29.15
2025-02-14 09:40:30+00:00,1792,75.91,43.58,35.86,69.88,29.05,66.54,10.47,29.11
2025-02-14 09:40:46+00:00,1793,76.34,43.65,35.09,70.2,29.03,66.16,10.66,29.14
2025-02-14 09:41:02+00:00,1794,76.52,42.77,35.29,70.44,29.07,66.56,10.64,29.00
2025-02-14 09:41:17+00:00,1795,76.41,42.66,35.21,70.67,29.06,66.7,10.5,28.92
2025-02-14 09:41:33+00:00,1796,76.44,43.6,35.4,70.83,29.03,66.42,10.42,28.88
2025-02-14 09:41:48+00:00,1797,6.14,10.0,28.96,,,,,
2025-02-14 09:42:04+00:00,1798,76.71,42.36,35.64,70.49,28.79,66.24,9.99,28.97
2025-02-14 09:42:20+00:00,1799,76.35,41.32,35.32,70.47,28.66,66.1,9.96,28.98
2025-02-14 09:42:35+00:00,1800,76.52,41.81,35.3,70.55,28.56,66.09,9.48,28.81
2025-02-14 09:42:51+00:00,1801,77.15,43.51,35.73,70.72,28.44,66.32,9.5,28.90
2025-02-14 09:43:07+00:00,1802,77.55,42.7,35.39,70.59,28.35,65.54,9.5,28.96
2025-02-14 09:43:22+00:00,1803,77.72,43.1,35.51,70.91,28.17,65.66,9.35,28.80
2025-02-14 09:43:38+00:00,1804,77.58,41.94,35.39,70.87,28.06,65.69,9.25,28.91
2025-02-14 09:43:53+00:00,1805,77.14,43.03,35.17,70.73,28.0,66.18,9.4,28.76
2025-02-14 09:44:09+00:00,1806,75.55,43.91,35.42,70.82,28.11,64.57,14.69,28.78
2025-02-14 09:44:24+00:00,1807,70.4,43.12,35.53,70.45,28.9,61.92,19.21,28.96
2025-02-14 09:44:40+00:00,1808,64.63,43.36,35.49,70.35,29.35,60.41,20.76,29.19
2025-02-14 09:44:56+00:00,1809,59.26,42.97,35.35,70.37,29.63,59.01,21.74,29.56
2025-02-14 09:45:11+00:00,1810,55.02,42.19,35.01,69.84,29.86,58.92,22.25,29.61
2025-02-14 09:45:27+00:00,1811,51.57,41.23,34.69,69.55,30.1,60.04,23.05,29.76
2025-02-14 09:45:42+00:00,1812,49.27,41.04,34.7,69.79,30.21,61.4,23.7,29.94
2025-02-14 09:46:00+00:00,1813,47.3,41.11,34.63,69.71,30.39,61.87,23.87,29.97
2025-02-14 09:46:15+00:00,1814,45.62,40.77,34.63,69.53,30.55,63.15,24.32,30.10
2025-02-14 09:46:31+00:00,1815,4.15,69.52,30.72,63.13,25.41,30.12,,
2025-02-14 09:46:47+00:00,1816,3.22,26.1,30.24,,,,,
2025-02-14 09:47:02+00:00,1817,41.75,38.23,34.02,67.89,30.9,63.59,26.86,30.26
2025-02-14 09:47:18+00:00,1818,40.7,37.83,33.83,68.75,30.99,63.08,27.4,30.28
2025-02-14 09:47:33+00:00,1819,39.52,36.9,33.35,68.64,31.09,63.36,27.78,30.37
2025-02-14 09:47:49+00:00,1820,39.01,36.94,33.25,68.56,31.27,62.79,28.09,30.32
2025-02-14 09:48:05+00:00,1821,38.53,37.29,33.32,68.57,31.33,63.52,28.38,30.46
2025-02-14 09:48:21+00:00,1822,3.64,68.62,31.42,63.84,28.51,30.59,,
2025-02-14 09:48:36+00:00,1823,3.22,28.92,30.56,,,,,
2025-02-14 09:48:52+00:00,1824,37.17,36.36,33.79,68.62,31.52,63.51,29.05,30.71
2025-02-14 09:49:07+00:00,1825,3.38,68.03,31.55,61.8,29.65,30.77,,
2025-02-14 09:49:23+00:00,1826,36.44,34.7,33.57,68.35,31.6,62.01,29.9,30.81
2025-02-14 09:49:39+00:00,1827,3.44,67.81,31.59,61.13,30.15,30.75,,
2025-02-14 09:49:54+00:00,1828,36.06,35.62,33.23,67.75,31.61,60.33,30.38,30.81
2025-02-14 09:50:10+00:00,1829,35.78,34.64,33.16,68.22,31.62,60.7,30.74,30.72
2025-02-14 09:50:26+00:00,1830,35.62,34.64,33.32,68.1,31.66,60.69,30.95,30.86
2025-02-14 09:50:41+00:00,1831,35.47,35.1,33.19,67.55,31.63,59.62,31.1,31.05
2025-02-14 09:50:57+00:00,1832,35.41,34.82,33.13,67.72,31.64,59.28,31.33,30.99
2025-02-14 09:51:12+00:00,1833,8.75,31.46,30.85,,,,,
2025-02-14 09:51:27+00:00,1834,34.98,34.53,32.91,66.89,31.62,57.37,31.55,30.95
2025-02-14 09:51:43+00:00,1835,7.1,31.3,31.02,,,,,
2025-02-14 09:51:58+00:00,1836,34.75,34.44,32.72,66.96,31.62,57.09,31.78,31.07
2025-02-14 09:52:14+00:00,1837,34.73,34.41,32.82,67.1,31.77,57.45,31.78,31.06
2025-02-14 09:52:29+00:00,1838,34.68,34.44,32.99,67.06,31.79,58.08,32.19,31.05
2025-02-14 09:52:45+00:00,1839,34.6,34.16,33.1,66.95,31.84,58.34,32.24,31.00
2025-02-14 09:53:01+00:00,1840,34.62,33.92,33.24,67.03,31.87,57.56,32.34,31.06
2025-02-14 09:53:17+00:00,1841,7.14,32.58,31.16,,,,,
2025-02-14 09:53:32+00:00,1842,34.43,33.9,33.08,66.99,31.95,56.79,32.48,31.24
2025-02-14 09:53:48+00:00,1843,34.28,33.72,33.18,67.0,32.04,57.0,32.69,31.20
2025-02-14 09:54:03+00:00,1844,34.18,33.47,33.31,66.92,32.03,57.33,32.76,31.23
2025-02-14 09:54:19+00:00,1845,34.11,33.55,33.31,66.83,32.08,56.77,32.72,31.30
2025-02-14 09:54:35+00:00,1846,3.02,66.84,32.12,56.02,33.07,31.28,,
2025-02-14 09:54:50+00:00,1847,6.21,33.14,31.3,,,,,
2025-02-14 09:55:06+00:00,1848,5.81,33.19,31.3,,,,,
2025-02-14 09:55:21+00:00,1849,33.89,33.23,33.38,66.66,32.18,55.8,33.29,31.32
2025-02-14 09:55:37+00:00,1850,3.24,66.71,32.13,55.79,33.31,31.34,,
2025-02-14 09:55:53+00:00,1851,33.84,33.21,32.98,66.48,32.22,55.31,33.35,31.36
2025-02-14 09:56:08+00:00,1852,33.83,33.17,33.02,66.23,32.23,55.23,33.39,31.37
2025-02-14 09:56:24+00:00,1853,5.5,33.47,31.34,,,,,
2025-02-14 09:56:40+00:00,1854,5.43,33.47,31.27,,,,,
2025-02-14 09:56:55+00:00,1855,5.54,32.52,31.24,,,,,
2025-02-14 09:57:11+00:00,1856,33.84,33.35,33.15,66.09,32.29,55.74,33.65,31.27
2025-02-14 09:57:26+00:00,1857,33.98,33.33,33.24,65.61,32.38,55.26,33.74,31.33
2025-02-14 09:57:42+00:00,1858,34.02,33.53,33.36,65.59,32.34,54.44,33.86,31.26
2025-02-14 09:57:58+00:00,1859,46.1,34.07,33.75,65.13,32.08,51.88,23.33,31.17
2025-02-14 09:58:13+00:00,1860,4.02,65.19,29.98,50.68,16.98,30.93,,
2025-02-14 09:58:31+00:00,1861,0.53,13.98,30.83,,,,,
2025-02-14 09:58:47+00:00,1862,61.82,36.86,33.78,64.25,27.03,50.15,16.86,30.64
2025-02-14 09:59:02+00:00,1863,62.7,37.07,33.69,63.81,26.53,50.46,18.81,30.35
2025-02-14 09:59:17+00:00,1864,63.72,37.4,33.22,62.32,26.05,50.34,19.9,30.50
2025-02-14 09:59:33+00:00,1865,64.15,37.53,32.6,60.74,25.38,50.37,20.48,30.58
2025-02-14 09:59:49+00:00,1866,0.37,,,,,,,
2025-02-14 10:00:04+00:00,1867,66.65,38.16,33.04,62.89,24.13,50.73,20.58,30.16
2025-02-14 10:00:20+00:00,1868,1.75,20.5,29.84,,,,,
2025-02-14 10:00:35+00:00,1869,68.83,39.14,33.39,63.95,23.56,51.95,20.29,29.57
2025-02-14 10:00:51+00:00,1870,71.39,39.52,33.44,64.91,23.2,52.71,19.92,29.46
2025-02-14 10:01:06+00:00,1871,3.19,64.83,22.99,52.94,19.81,29.63,,
2025-02-14 10:01:22+00:00,1872,75.05,40.28,33.4,66.11,22.81,53.72,19.69,29.51
2025-02-14 10:01:38+00:00,1873,76.5,40.63,33.55,67.67,22.68,53.9,19.68,29.44
2025-02-14 10:01:53+00:00,1874,77.78,40.85,33.88,68.63,22.6,54.62,19.58,29.26
2025-02-14 10:02:09+00:00,1875,4.12,69.59,22.57,54.88,19.49,29.38,,
2025-02-14 10:02:24+00:00,1876,4.04,70.8,22.6,54.81,19.52,29.35,,
2025-02-14 10:02:39+00:00,1877,4.12,72.07,22.49,54.64,19.68,29.17,,
2025-02-14 10:02:55+00:00,1878,5.49,19.71,29.11,,,,,
2025-02-14 10:03:11+00:00,1879,81.63,41.88,33.99,72.94,22.48,55.53,19.76,29.18
2025-02-14 10:03:27+00:00,1880,4.44,73.89,22.47,55.47,19.81,29.15,,
2025-02-14 10:03:42+00:00,1881,0.96,,,,,,,
2025-02-14 10:03:58+00:00,1882,0.96,,,,,,,
2025-02-14 10:04:13+00:00,1883,84.46,42.56,34.26,75.47,22.51,55.86,19.84,28.79
2025-02-14 10:04:29+00:00,1884,83.26,42.78,33.99,76.23,22.55,56.67,19.91,28.83
2025-02-14 10:04:47+00:00,1885,83.98,42.91,34.58,76.49,22.61,56.99,19.96,28.62
2025-02-14 10:05:02+00:00,1886,0.67,56.98,20.01,28.89,,,,
2025-02-14 10:05:18+00:00,1887,6.5,20.1,28.94,,,,,
2025-02-14 10:05:33+00:00,1888,85.59,42.37,34.16,77.31,22.71,56.4,20.21,28.88
2025-02-14 10:05:49+00:00,1889,7.09,20.25,28.98,,,,,
2025-02-14 10:06:04+00:00,1890,85.44,43.25,34.29,78.77,22.83,58.17,20.14,28.91
2025-02-14 10:06:19+00:00,1891,85.5,43.5,34.36,78.92,22.97,57.76,20.26,28.87
2025-02-14 10:06:34+00:00,1892,86.76,43.1,34.64,79.03,23.06,58.35,20.19,28.76
2025-02-14 10:06:51+00:00,1893,87.01,42.78,34.71,79.06,23.06,58.75,20.18,28.68
2025-02-14 10:07:07+00:00,1894,86.25,42.65,34.57,79.38,23.08,58.35,20.24,28.57
2025-02-14 10:07:25+00:00,1895,6.1,20.32,28.72,,,,,
2025-02-14 10:07:41+00:00,1896,85.42,44.69,34.85,80.17,23.32,58.26,20.43,28.66
2025-02-14 10:07:56+00:00,1897,86.49,43.91,34.41,80.13,23.27,58.53,20.16,28.85
2025-02-14 10:08:11+00:00,1898,86.8,43.96,34.28,80.17,23.33,58.67,20.21,28.80
2025-02-14 10:08:27+00:00,1899,86.55,43.89,34.77,81.13,23.33,59.11,19.86,28.89
2025-02-14 10:08:42+00:00,1900,87.35,43.64,34.28,81.31,23.32,58.56,19.93,28.68
2025-02-14 10:08:57+00:00,1901,85.33,43.95,34.65,81.21,23.48,58.83,20.02,28.76
2025-02-14 10:09:12+00:00,1902,85.94,44.36,34.27,81.34,23.59,59.55,20.02,28.75
2025-02-14 10:09:28+00:00,1903,0.09,19.85,28.84,,,,,
2025-02-14 10:09:43+00:00,1904,86.66,44.5,34.42,81.66,23.69,60.36,19.78,28.54
2025-02-14 10:09:59+00:00,1905,87.27,44.41,34.15,81.86,23.7,59.76,19.71,28.44
2025-02-14 10:10:14+00:00,1906,88.09,44.07,33.99,81.97,23.64,60.1,19.63,28.46
2025-02-14 10:10:30+00:00,1907,88.43,44.03,34.32,82.17,23.72,59.64,19.65,28.46
2025-02-14 10:10:45+00:00,1908,0.46,,,,,,,
2025-02-14 10:11:01+00:00,1909,30.24,44.58,34.56,82.65,24.04,60.48,20.01,28.66
2025-02-14 10:11:17+00:00,1910,30.53,44.85,34.79,82.7,24.03,61.11,19.97,28.94
2025-02-14 10:11:32+00:00,1911,5.37,82.7,24.07,61.31,19.81,28.84,,
2025-02-14 10:11:48+00:00,1912,30.24,44.98,35.67,82.65,23.97,61.12,18.95,28.68
2025-02-14 10:12:04+00:00,1913,5.8,82.58,23.95,60.66,18.74,28.66,,
2025-02-14 10:12:19+00:00,1914,30.13,45.73,35.56,82.5,23.96,60.79,17.84,28.55
2025-02-14 10:12:34+00:00,1915,30.23,30.85,35.98,82.01,24.02,55.39,17.85,28.65
2025-02-14 10:12:49+00:00,1916,30.21,30.82,35.33,81.78,24.08,60.76,17.98,28.64
2025-02-14 10:13:05+00:00,1917,30.29,30.87,35.68,81.23,24.24,61.53,17.89,28.72
2025-02-14 10:13:20+00:00,1918,1.52,18.17,29.05,,,,,
2025-02-14 10:13:36+00:00,1919,1.86,18.33,29.02,,,,,
2025-02-14 10:13:51+00:00,1920,1.04,18.67,29.12,,,,,
2025-02-14 10:14:07+00:00,1921,1.42,18.88,29.22,,,,,
2025-02-14 10:14:23+00:00,1922,30.6,31.21,33.89,82.04,24.54,61.04,19.1,29.04
2025-02-14 10:14:39+00:00,1923,30.8,31.41,33.77,81.74,24.5,60.95,18.88,29.23
2025-02-14 10:14:56+00:00,1924,1.28,19.38,29.24,,,,,
2025-02-14 10:15:11+00:00,1925,30.92,31.53,33.46,81.08,24.51,60.45,19.81,29.37
2025-02-14 10:15:27+00:00,1926,31.06,31.66,33.52,80.19,24.65,60.36,20.15,29.50
2025-02-14 10:15:42+00:00,1927,31.1,31.71,33.46,78.92,24.69,60.39,20.4,29.59
2025-02-14 10:15:58+00:00,1928,31.13,31.73,33.89,79.86,24.85,59.93,20.88,29.60
2025-02-14 10:16:14+00:00,1929,23.02,23.67,33.12,78.66,24.23,59.22,20.43,21.03
2025-02-14 10:16:30+00:00,1930,29.08,29.67,33.71,80.03,24.75,59.3,20.78,21.39
2025-02-14 10:16:46+00:00,1931,29.06,29.67,33.78,80.09,24.82,58.66,20.81,21.47
2025-02-14 10:17:01+00:00,1932,0.5,,,,,,,
2025-02-14 10:17:17+00:00,1933,29.21,29.77,33.87,79.74,25.04,57.98,20.94,21.61
2025-02-14 10:17:32+00:00,1934,3.74,79.48,25.06,57.66,21.0,21.62,,
2025-02-14 10:17:47+00:00,1935,6.96,20.91,21.61,,,,,
2025-02-14 10:18:03+00:00,1936,29.22,29.84,33.74,79.03,25.37,57.36,20.67,21.33
2025-02-14 10:18:19+00:00,1937,29.34,29.95,33.94,78.48,25.52,57.52,19.93,20.44
2025-02-14 10:18:34+00:00,1938,3.77,77.97,25.67,57.16,18.61,19.22,,
2025-02-14 10:18:49+00:00,1939,29.25,29.88,33.56,77.62,25.86,56.9,17.54,18.19
2025-02-14 10:19:05+00:00,1940,29.25,29.91,34.07,76.95,25.97,56.77,17.49,18.03
2025-02-14 10:19:20+00:00,1941,4.29,76.19,26.05,58.16,17.01,17.62,,
2025-02-14 10:19:36+00:00,1942,29.09,29.66,34.48,75.63,26.04,57.91,16.9,17.53
2025-02-14 10:19:51+00:00,1943,29.14,29.76,34.59,74.79,25.99,57.26,16.8,17.39
2025-02-14 10:20:07+00:00,1944,29.08,29.67,34.43,73.31,25.99,56.78,16.68,17.26
2025-02-14 10:20:22+00:00,1945,86.0,58.12,-50.64,-40.28,,,,
2025-02-14 10:20:38+00:00,1946,29.03,29.7,34.27,72.39,25.86,58.21,-50.58,-40.60
2025-02-14 10:20:53+00:00,1947,29.06,29.67,34.12,71.64,25.91,58.37,-50.7,-40.42
2025-02-14 10:21:09+00:00,1948,29.03,29.59,34.33,71.06,25.92,57.25,-50.36,-40.40
2025-02-14 10:21:24+00:00,1949,86.0,57.53,-50.64,-40.05,,,,
2025-02-14 10:21:40+00:00,1950,29.05,29.7,34.7,69.13,25.83,57.33,-50.87,-40.34
2025-02-14 10:21:55+00:00,1951,29.03,29.67,34.85,68.71,25.9,56.92,-50.64,-40.45
2025-02-14 10:22:11+00:00,1952,0.0,57.62,-50.47,-40.31,,,,
2025-02-14 10:22:27+00:00,1953,29.27,29.84,35.25,68.07,26.06,56.53,-50.81,-40.54
2025-02-14 10:22:42+00:00,1954,-24.9,-22.25,35.12,67.65,26.14,57.03,-50.36,-40.16
2025-02-14 10:22:58+00:00,1955,56.31,-50.64,-40.4,,,,,
2025-02-14 10:23:13+00:00,1956,29.39,30.08,34.64,66.84,26.23,47.73,-50.03,66.48
2025-02-14 10:23:29+00:00,1957,,56.39,-50.58,66.12,,,,
2025-02-14 10:23:44+00:00,1958,29.59,30.19,33.79,66.2,26.39,56.64,-51.16,64.65
2025-02-14 10:24:00+00:00,1959,29.61,30.22,34.07,65.83,26.41,56.95,-50.53,64.73
2025-02-14 10:24:19+00:00,1960,,57.67,-51.1,65.57,,,,
2025-02-14 10:24:34+00:00,1961,28.93,29.52,34.77,65.42,26.44,57.7,-50.75,65.76
2025-02-14 10:24:50+00:00,1962,28.95,29.47,34.64,65.33,26.47,56.58,-50.87,65.98
2025-02-14 10:25:06+00:00,1963,29.04,29.59,35.02,65.18,26.43,56.71,-50.53,65.80
2025-02-14 10:25:21+00:00,1964,,56.18,-50.53,65.16,,,,
2025-02-14 10:25:37+00:00,1965,29.13,29.68,34.31,64.25,26.35,56.29,-50.98,64.93
2025-02-14 10:25:52+00:00,1966,29.27,29.82,34.28,64.29,26.33,56.86,-50.81,64.74
2025-02-14 10:26:07+00:00,1967,,56.75,-50.41,64.94,,,,
2025-02-14 10:26:22+00:00,1968,29.35,29.98,33.97,63.57,26.25,57.83,-50.92,64.98
2025-02-14 10:26:38+00:00,1969,,57.7,-50.87,65.24,,,,
2025-02-14 10:26:53+00:00,1970,29.34,29.91,33.93,63.56,26.3,57.87,-50.81,65.68
2025-02-14 10:27:09+00:00,1971,29.41,30.0,34.05,63.26,26.33,57.88,-51.04,65.84
2025-02-14 10:27:24+00:00,1972,29.45,29.98,33.52,62.9,26.42,58.0,-50.47,64.85
2025-02-14 10:27:40+00:00,1973,29.25,29.84,33.55,63.14,26.47,58.38,-50.98,65.22
2025-02-14 10:27:55+00:00,1974,29.25,29.9,33.71,63.44,26.42,58.95,-50.53,65.41
2025-02-14 10:28:11+00:00,1975,29.13,29.71,33.57,63.67,26.49,59.66,-50.58,65.61
2025-02-14 10:28:27+00:00,1976,28.89,29.49,33.97,63.84,26.55,59.53,-49.87,66.76
2025-02-14 10:28:42+00:00,1977,,59.88,-51.22,67.1,,,,
2025-02-14 10:28:57+00:00,1978,,58.88,-50.53,67.66,,,,
2025-02-14 10:29:13+00:00,1979,28.53,29.04,34.65,63.99,26.46,59.11,-50.08,67.98
2025-02-14 10:29:29+00:00,1980,28.42,29.04,34.84,63.93,26.41,58.19,-50.7,67.88
2025-02-14 10:29:44+00:00,1981,,58.6,-50.92,67.78,,,,
2025-02-14 10:30:00+00:00,1982,0.22,33.69,63.62,26.38,58.56,-50.64,67.13,
2025-02-14 10:30:15+00:00,1983,,59.31,-51.16,68.02,,,,
2025-02-14 10:30:31+00:00,1984,28.89,29.46,33.75,63.82,26.56,59.39,-50.14,68.56
2025-02-14 10:30:46+00:00,1985,28.98,29.58,34.03,63.78,26.62,60.28,-50.92,68.62
2025-02-14 10:31:01+00:00,1986,28.96,29.51,34.31,64.18,26.66,60.38,-50.36,69.17
2025-02-14 10:31:17+00:00,1987,,60.16,-50.36,69.89,,,,
2025-02-14 10:31:32+00:00,1988,,60.79,-50.47,69.34,,,,
2025-02-14 10:31:48+00:00,1989,,60.48,-50.92,69.32,,,,
2025-02-14 10:32:03+00:00,1990,28.83,29.44,34.36,64.62,26.73,61.41,-50.92,68.96
2025-02-14 10:32:19+00:00,1991,,60.88,-50.36,68.76,,,,
2025-02-14 10:32:34+00:00,1992,,61.48,-50.81,69.23,,,,
2025-02-14 10:32:50+00:00,1993,28.53,29.12,34.22,64.65,26.8,60.92,-50.47,69.70
2025-02-14 10:33:05+00:00,1994,28.54,29.13,33.93,64.67,26.81,61.43,-50.92,69.63
2025-02-14 10:33:21+00:00,1995,28.56,29.13,33.78,64.65,26.83,61.42,-50.98,69.32
2025-02-14 10:33:37+00:00,1996,28.78,29.45,33.88,64.69,26.8,37.66,-51.1,69.33
2025-02-14 10:33:53+00:00,1997,28.88,29.5,33.93,64.81,26.91,62.39,-50.47,68.74
2025-02-14 10:34:08+00:00,1998,,60.9,-50.14,70.55,,,,
2025-02-14 10:34:24+00:00,1999,21.53,22.11,34.13,65.38,27.09,58.97,-55.52,70.93
2025-02-14 10:34:39+00:00,2000,28.8,29.32,33.99,65.44,27.18,58.3,-54.82,71.54
2025-02-14 10:34:55+00:00,2001,28.76,29.42,34.4,65.41,27.31,62.81,-51.7,71.98
2025-02-14 10:35:10+00:00,2002,28.6,29.17,34.45,65.71,27.26,62.1,-52.9,72.37
2025-02-14 10:35:25+00:00,2003,,62.1,-53.44,72.07,,,,
2025-02-14 10:35:41+00:00,2004,28.78,29.39,34.89,65.83,27.26,60.76,-53.37,72.37
2025-02-14 10:35:56+00:00,2005,,63.1,-53.86,72.66,,,,
2025-02-14 10:36:12+00:00,2006,28.79,29.39,34.49,66.22,27.61,63.94,-53.03,73.11
2025-02-14 10:36:27+00:00,2007,0.37,34.19,66.52,27.81,64.91,-52.97,72.65,
2025-02-14 10:36:42+00:00,2008,28.6,29.16,34.34,66.59,27.99,65.43,-52.77,73.03
2025-02-14 10:36:58+00:00,2009,,60.38,-53.1,73.28,,,,
2025-02-14 10:37:13+00:00,2010,28.57,29.24,34.33,66.9,28.13,60.91,-52.64,73.35
2025-02-14 10:37:29+00:00,2011,28.65,29.2,34.67,67.09,28.22,57.89,-52.7,73.79
2025-02-14 10:37:44+00:00,2012,,57.16,-53.72,73.48,,,,
2025-02-14 10:38:00+00:00,2013,,56.87,-52.7,74.0,,,,
2025-02-14 10:38:15+00:00,2014,28.59,29.16,34.05,67.5,28.46,56.24,-52.9,73.96
2025-02-14 10:38:31+00:00,2015,28.49,29.06,33.87,68.0,28.55,55.78,-52.64,74.16
2025-02-14 10:38:46+00:00,2016,28.35,28.95,34.5,67.96,28.58,52.93,-52.9,74.77
2025-02-14 10:39:03+00:00,2017,,52.45,-52.7,74.75,,,,
2025-02-14 10:39:19+00:00,2018,,51.23,-51.45,74.73,,,,
2025-02-14 10:39:34+00:00,2019,,49.94,-51.33,75.33,,,,
2025-02-14 10:39:50+00:00,2020,28.47,43.48,34.81,68.55,28.54,48.5,-51.1,74.68
2025-02-14 10:40:05+00:00,2021,,49.23,-50.58,74.6,,,,
2025-02-14 10:40:21+00:00,2022,,48.15,-52.19,74.71,,,,
2025-02-14 10:40:36+00:00,2023,,47.76,-52.07,74.6,,,,
2025-02-14 10:40:52+00:00,2024,28.42,42.95,33.76,68.38,28.56,47.1,-52.07,74.83
2025-02-14 10:41:07+00:00,2025,,46.92,-52.77,75.75,,,,
2025-02-14 10:41:22+00:00,2026,28.53,43.54,34.44,68.86,28.58,47.35,-52.19,75.75
2025-02-14 10:41:38+00:00,2027,28.42,43.58,33.94,69.03,28.52,47.31,-52.84,75.55
2025-02-14 10:41:53+00:00,2028,28.39,43.27,33.86,69.24,28.58,46.77,-50.92,75.57
2025-02-14 12:31:19+00:00,2029,29.62,36.98,30.79,60.78,19.69,30.83,18.6,69.94
2025-02-14 12:31:34+00:00,2030,29.62,37.12,30.85,61.62,19.57,30.98,18.52,70.79
2025-02-14 12:31:49+00:00,2031,29.48,37.39,30.94,62.26,19.5,45.33,18.42,72.58
2025-02-14 12:36:26+00:00,2032,28.95,40.67,31.17,74.73,19.15,51.54,17.8,86.57
2025-02-14 12:36:41+00:00,2033,28.92,40.92,31.28,74.9,19.16,51.67,17.85,86.76
2025-02-14 12:37:05+00:00,2034,28.87,41.02,31.3,75.75,19.4,52.46,17.93,86.85
2025-02-14 12:37:20+00:00,2035,2.68,17.96,86.63,,,,,
2025-02-14 12:37:35+00:00,2036,1.52,76.42,19.6,53.05,17.93,86.99,,
2025-02-14 12:37:51+00:00,2037,29.02,41.74,31.47,76.48,19.6,53.18,17.92,87.54
2025-02-14 12:38:06+00:00,2038,28.98,42.03,31.61,76.71,19.72,53.52,17.86,88.13
2025-02-14 12:38:22+00:00,2039,1.8,77.18,19.74,53.79,17.82,88.25,,
2025-02-14 12:38:38+00:00,2040,29.0,42.61,31.87,77.39,19.83,53.93,17.77,88.81
2025-02-14 12:38:53+00:00,2041,28.62,42.93,31.78,77.55,19.85,54.15,17.75,88.77
2025-02-14 12:39:09+00:00,2042,28.68,43.0,31.59,78.0,20.06,54.5,17.77,88.47
2025-02-14 12:39:25+00:00,2043,1.61,78.39,20.11,55.18,17.88,89.24,,
2025-02-14 12:39:40+00:00,2044,28.94,42.91,31.84,77.85,20.15,55.24,17.8,88.93
2025-02-14 12:39:56+00:00,2045,28.96,42.94,31.93,78.54,20.24,55.35,17.7,89.46
2025-02-14 12:40:11+00:00,2046,5.63,17.75,89.52,,,,,
2025-02-14 12:40:27+00:00,2047,28.91,43.53,32.1,79.0,20.35,55.71,17.71,89.77
2025-02-14 12:40:42+00:00,2048,28.91,43.54,32.14,78.58,20.45,55.79,17.68,89.90
2025-02-14 12:40:57+00:00,2049,28.91,43.52,32.16,78.77,20.53,55.69,17.59,89.94
2025-02-14 12:41:13+00:00,2050,28.88,43.46,32.27,78.64,20.54,55.85,17.56,89.36
2025-02-14 12:41:29+00:00,2051,28.86,43.43,32.41,78.63,20.58,56.18,17.51,89.30
2025-02-14 12:41:45+00:00,2052,0.1,,,,,,,
2025-02-14 12:42:01+00:00,2053,0.79,,,,,,,
2025-02-14 12:42:16+00:00,2054,6.63,17.19,89.79,,,,,
2025-02-14 12:42:31+00:00,2055,28.82,43.72,32.46,79.15,20.77,56.65,17.09,89.67
2025-02-14 12:42:47+00:00,2056,28.69,43.59,32.31,79.19,20.85,56.78,16.98,89.63
2025-02-14 12:43:02+00:00,2057,7.41,16.87,89.63,,,,,
2025-02-14 12:43:17+00:00,2058,28.7,43.56,32.2,78.88,20.92,57.1,16.81,89.32
2025-02-14 12:43:33+00:00,2059,5.7,16.73,89.13,,,,,
2025-02-14 12:43:49+00:00,2060,28.92,43.59,31.88,79.34,21.06,57.97,16.61,89.11
2025-02-14 12:44:04+00:00,2061,28.88,43.83,32.01,79.33,21.1,58.49,16.2,89.71
2025-02-14 12:44:20+00:00,2062,28.86,44.18,44.56,79.39,21.21,58.41,15.69,89.09
2025-02-14 12:44:35+00:00,2063,4.61,79.5,21.16,58.51,15.33,89.05,,
2025-02-14 12:44:51+00:00,2064,28.88,44.52,32.24,79.3,21.19,58.59,14.77,89.79
2025-02-14 12:45:06+00:00,2065,1.76,79.42,21.18,58.77,14.67,88.17,,
2025-02-14 12:45:22+00:00,2066,28.73,44.34,31.8,79.44,21.24,58.92,14.77,88.41
2025-02-14 12:45:37+00:00,2067,28.75,44.21,31.79,79.22,21.24,59.02,14.42,88.37
2025-02-14 12:54:23+00:00,2068,-273.15,565.74,381.81,915.83,429.05,499.21,499.21,527.77
2025-02-14 12:55:01+00:00,2069,27.71,44.34,31.06,73.67,21.89,62.43,8.25,86.05
2025-02-14 12:55:17+00:00,2070,27.72,44.49,31.2,73.8,21.96,62.5,8.28,85.13
2025-02-14 12:55:33+00:00,2071,27.8,44.42,31.32,73.75,22.02,62.39,8.21,84.42
2025-02-14 12:55:48+00:00,2072,27.81,44.44,31.41,73.71,22.05,62.82,8.15,84.21
2025-02-14 12:56:04+00:00,2073,27.97,44.55,31.48,73.64,22.14,62.61,8.23,83.93
2025-02-14 12:56:20+00:00,2074,27.98,44.55,31.65,73.68,22.16,62.6,8.17,83.70
2025-02-14 12:56:35+00:00,2075,27.98,44.65,31.65,73.7,22.17,62.6,8.11,83.57
2025-02-14 12:56:51+00:00,2076,27.99,44.35,31.75,73.79,22.17,62.61,8.09,83.53
2025-02-14 12:57:10+00:00,2077,27.97,44.55,31.79,73.7,22.2,62.56,8.33,84.03
2025-02-14 12:57:27+00:00,2078,27.98,44.64,31.71,73.68,22.16,62.78,8.71,84.37
2025-02-14 12:57:42+00:00,2079,28.0,44.74,31.75,73.7,22.19,63.15,8.64,84.44
2025-02-14 12:57:58+00:00,2080,27.97,44.75,31.87,73.8,22.26,63.66,8.55,84.38
2025-02-14 12:58:14+00:00,2081,27.98,44.77,31.91,73.91,22.24,63.8,8.45,84.33
2025-02-14 12:58:30+00:00,2082,27.99,44.88,31.86,73.9,22.28,63.37,8.34,84.28
2025-02-14 12:58:45+00:00,2083,27.98,45.13,31.86,73.96,22.2,64.36,8.52,84.40
2025-02-14 12:59:00+00:00,2084,27.99,45.31,31.79,74.12,22.24,63.63,8.49,84.35
2025-02-14 12:59:16+00:00,2085,28.0,45.26,31.83,74.12,22.24,63.79,8.59,84.99
2025-02-14 12:59:32+00:00,2086,27.99,45.48,31.82,74.2,22.29,63.99,8.72,84.76
2025-02-14 12:59:47+00:00,2087,-9.7,45.51,31.61,74.29,22.21,64.12,8.57,86.14
2025-02-14 13:00:03+00:00,2088,28.43,45.35,31.69,74.17,22.06,64.23,8.56,85.22
2025-02-14 13:00:19+00:00,2089,28.42,45.23,31.78,74.21,22.12,64.12,8.68,84.37
2025-02-14 13:00:34+00:00,2090,28.32,45.25,31.62,74.29,22.06,63.71,8.31,84.12
2025-02-14 13:00:50+00:00,2091,28.35,45.1,31.44,74.22,22.1,64.01,8.3,84.74
2025-02-14 13:01:06+00:00,2092,28.25,45.47,31.56,74.37,22.12,63.71,8.24,84.49
2025-02-14 13:01:21+00:00,2093,28.2,45.56,31.4,74.21,22.13,64.13,8.29,85.01
2025-02-14 13:01:37+00:00,2094,28.08,45.6,31.38,74.31,22.15,64.51,8.35,85.51
2025-02-14 13:01:53+00:00,2095,28.07,45.95,31.53,74.39,22.05,64.04,8.34,85.40
2025-02-14 13:02:08+00:00,2096,28.02,45.8,31.59,74.48,22.06,64.12,8.29,84.31
2025-02-14 13:02:24+00:00,2097,27.96,45.72,31.59,74.46,22.05,64.0,8.19,84.17
2025-02-14 13:02:39+00:00,2098,27.9,45.49,31.47,74.44,22.04,63.98,8.24,85.06
2025-02-14 13:02:55+00:00,2099,27.9,45.37,31.44,74.67,22.01,63.81,8.4,85.28
2025-02-14 13:03:10+00:00,2100,27.89,45.32,31.28,74.46,21.97,63.99,8.49,85.28
2025-02-14 13:03:26+00:00,2101,27.95,45.47,31.49,74.51,21.95,63.49,8.46,85.57
2025-02-14 13:03:42+00:00,2102,27.83,45.84,31.25,74.48,21.94,63.59,8.8,85.37
2025-02-14 13:03:58+00:00,2103,27.72,45.8,31.37,74.85,21.93,63.77,8.56,84.83
2025-02-14 13:04:13+00:00,2104,27.72,45.59,31.33,74.77,21.95,63.85,8.4,85.44
2025-02-14 13:04:29+00:00,2105,27.68,45.72,31.27,74.68,21.93,63.83,8.48,86.03
2025-02-14 13:04:45+00:00,2106,27.63,45.73,31.3,74.67,21.88,63.82,8.68,85.86
2025-02-14 13:05:00+00:00,2107,27.64,45.68,31.0,74.65,21.86,63.99,8.47,85.26
2025-02-14 13:05:16+00:00,2108,27.57,45.63,31.09,74.65,21.87,64.38,8.36,85.28
2025-02-14 13:05:31+00:00,2109,27.63,45.72,31.31,74.85,21.86,64.17,8.4,85.70
2025-02-14 13:05:47+00:00,2110,27.72,45.77,31.37,75.04,21.84,64.23,8.26,86.01
2025-02-14 13:06:03+00:00,2111,27.72,45.77,31.3,74.89,21.81,64.28,8.41,85.90
2025-02-14 13:06:18+00:00,2112,27.78,46.02,31.17,74.97,21.93,65.0,8.31,86.53
2025-02-14 13:06:34+00:00,2113,27.64,46.09,31.45,75.34,21.8,64.35,-44.67,87.54
2025-02-14 13:06:49+00:00,2114,27.63,46.0,31.6,75.38,21.8,64.53,-44.67,87.86
2025-02-14 13:07:05+00:00,2115,27.72,46.25,31.58,75.24,21.91,64.21,7.87,87.35
2025-02-14 13:07:21+00:00,2116,27.54,46.6,31.63,75.47,21.8,64.44,-44.93,87.74
2025-02-14 13:07:36+00:00,2117,27.67,46.81,31.94,75.44,21.91,64.67,8.03,87.33
2025-02-14 13:07:52+00:00,2118,27.59,47.01,31.96,75.55,21.96,64.16,7.89,86.95
2025-02-14 13:08:08+00:00,2119,27.62,47.0,32.15,75.53,21.93,64.08,7.51,87.03
2025-02-14 13:08:23+00:00,2120,27.54,47.08,32.11,75.68,21.94,64.11,7.61,87.01
2025-02-14 13:08:39+00:00,2121,27.61,47.31,31.91,75.68,21.94,64.29,8.49,86.46
2025-02-14 13:08:55+00:00,2122,27.55,47.11,32.17,75.67,21.93,64.22,8.41,87.16
2025-02-14 13:09:10+00:00,2123,27.61,46.87,32.22,75.89,21.92,63.0,8.59,87.39
2025-02-14 13:09:26+00:00,2124,27.59,46.31,32.22,76.19,21.71,61.57,9.59,87.29
2025-02-14 13:09:41+00:00,2125,27.62,45.62,32.22,75.82,21.55,60.59,11.73,87.37
2025-02-14 13:09:57+00:00,2126,27.62,45.11,32.3,76.06,21.47,60.01,13.13,87.39
2025-02-14 13:10:13+00:00,2127,27.62,44.59,32.01,76.16,21.4,59.32,12.86,87.56
2025-02-14 13:10:28+00:00,2128,27.47,44.11,31.91,76.48,21.06,58.51,-44.33,87.68
2025-02-14 13:10:44+00:00,2129,27.4,43.7,31.98,76.38,20.75,57.89,-44.48,87.03
2025-02-14 13:11:00+00:00,2130,27.37,43.73,31.67,76.13,20.57,57.23,-44.18,86.72
2025-02-14 13:11:15+00:00,2131,27.4,43.61,31.83,75.94,20.41,57.08,-44.44,86.42
2025-02-14 13:11:31+00:00,2132,27.45,43.45,31.59,75.65,20.23,56.63,-44.33,86.38
2025-02-14 13:11:47+00:00,2133,27.4,43.15,31.5,75.87,20.15,56.27,-44.33,86.27
2025-02-14 13:12:02+00:00,2134,27.37,42.89,31.83,75.91,20.0,55.93,-44.48,86.14
2025-02-14 13:12:18+00:00,2135,27.35,42.87,31.49,75.93,19.97,55.81,-44.25,86.07
2025-02-14 13:12:33+00:00,2136,27.52,42.78,31.53,75.7,19.94,55.24,9.56,85.19
2025-02-14 13:12:49+00:00,2137,27.47,42.5,31.93,75.64,19.78,54.93,11.58,84.74
2025-02-14 13:13:05+00:00,2138,27.54,42.64,31.84,75.49,19.64,54.76,14.02,84.33
2025-02-14 13:13:21+00:00,2139,27.55,42.72,31.9,75.2,19.51,54.29,12.67,84.40
2025-02-14 13:13:36+00:00,2140,27.55,42.93,31.96,75.02,19.44,54.24,13.77,84.03
2025-02-14 13:13:52+00:00,2141,27.62,43.04,32.14,74.85,19.44,53.72,13.31,83.96
2025-02-14 13:14:07+00:00,2142,27.54,43.23,32.11,74.52,19.35,53.59,12.83,83.70
2025-02-14 13:14:23+00:00,2143,27.63,43.27,32.02,74.47,19.3,53.69,14.25,83.43
2025-02-14 13:14:38+00:00,2144,27.38,43.4,32.12,74.25,19.23,53.44,13.24,83.34
2025-02-14 13:14:54+00:00,2145,27.29,43.52,32.05,74.18,19.18,53.36,13.31,83.16
2025-02-14 13:15:10+00:00,2146,27.17,43.68,32.07,73.94,19.1,53.49,13.4,82.97
2025-02-14 13:15:25+00:00,2147,27.08,43.73,31.98,73.77,19.06,53.22,14.6,82.75
2025-02-14 13:15:41+00:00,2148,27.07,43.81,32.02,73.67,19.03,53.08,13.87,82.68
2025-02-14 13:15:57+00:00,2149,27.03,43.82,31.94,73.59,19.01,53.06,13.36,82.67
2025-02-14 13:16:12+00:00,2150,26.98,43.91,31.7,73.4,18.98,53.01,13.41,82.52
2025-02-14 13:16:28+00:00,2151,27.09,43.9,31.49,73.34,18.96,52.95,14.02,82.24
2025-02-14 13:16:44+00:00,2152,26.98,43.89,31.66,73.08,18.92,52.96,13.4,82.20
2025-02-14 13:16:59+00:00,2153,26.99,43.94,30.92,73.06,18.88,52.89,13.95,81.92
2025-02-14 13:17:15+00:00,2154,26.82,43.85,30.64,72.99,18.87,52.71,12.61,81.89
2025-02-14 13:17:30+00:00,2155,26.69,43.78,30.82,72.76,18.84,52.62,12.51,81.73
2025-02-14 13:17:46+00:00,2156,26.54,43.81,31.26,72.73,18.76,52.76,13.86,81.55
2025-02-14 13:18:04+00:00,2157,26.64,43.77,31.19,72.47,18.84,52.32,13.97,81.26
2025-02-14 13:18:20+00:00,2158,26.65,43.62,30.46,72.43,18.9,52.02,14.12,80.50
2025-02-14 13:18:36+00:00,2159,26.66,43.52,31.26,72.07,18.93,51.78,13.53,79.86
2025-02-14 13:18:53+00:00,2160,26.67,43.48,31.25,71.81,18.96,51.54,13.72,79.27
2025-02-14 13:19:09+00:00,2161,26.66,43.38,31.17,71.48,19.01,51.32,14.16,78.85
2025-02-14 13:19:25+00:00,2162,26.71,43.21,31.32,71.19,18.94,51.22,13.7,78.41
2025-02-14 13:19:40+00:00,2163,26.69,43.3,30.98,70.87,19.03,51.09,13.72,78.13
2025-02-14 13:19:56+00:00,2164,26.71,43.06,30.55,70.63,19.01,51.01,13.88,77.74
2025-02-14 13:20:11+00:00,2165,26.66,43.0,30.78,70.44,19.01,51.1,13.8,77.41
2025-02-14 13:20:27+00:00,2166,26.64,42.86,30.75,70.2,19.02,50.86,13.85,77.11
2025-02-14 13:20:43+00:00,2167,26.75,42.72,30.28,69.86,19.02,50.77,13.8,76.81
2025-02-14 13:20:58+00:00,2168,26.77,42.69,30.66,69.53,18.99,50.78,13.44,76.63
2025-02-14 13:21:14+00:00,2169,26.61,42.65,30.98,69.4,18.96,50.64,14.11,76.27
2025-02-14 13:21:29+00:00,2170,26.47,42.63,30.53,68.98,19.0,50.71,14.17,75.86
2025-02-14 13:21:45+00:00,2171,26.48,42.5,30.79,68.88,19.01,50.66,13.9,75.80
2025-02-14 13:22:01+00:00,2172,26.21,42.47,30.88,68.63,19.04,50.49,13.99,75.47
2025-02-14 13:22:17+00:00,2173,26.1,42.4,31.01,68.46,18.98,50.53,13.92,75.21
2025-02-14 13:22:32+00:00,2174,26.11,42.34,30.98,68.04,18.99,50.51,13.39,75.00
2025-02-14 13:22:48+00:00,2175,26.01,42.22,31.04,67.81,19.07,50.4,13.96,74.65
2025-02-14 13:23:03+00:00,2176,25.86,42.18,30.98,67.78,19.07,50.31,12.25,74.39
2025-02-14 13:23:19+00:00,2177,25.86,42.11,31.06,67.45,19.14,50.11,13.4,73.96
2025-02-14 13:23:35+00:00,2178,25.71,41.97,30.44,67.45,19.16,50.16,13.3,73.62
2025-02-14 13:23:56+00:00,2179,25.83,41.9,30.87,67.1,19.2,50.15,12.44,73.26
2025-02-14 13:24:11+00:00,2180,25.71,41.85,30.96,66.9,19.2,49.77,12.07,73.10
2025-02-14 13:24:28+00:00,2181,25.73,41.76,31.09,66.57,19.2,49.75,12.88,72.91
2025-02-14 13:24:44+00:00,2182,25.66,41.69,31.06,66.29,19.22,49.6,13.83,72.37
2025-02-14 13:25:00+00:00,2183,25.56,41.56,31.0,65.97,19.31,49.4,14.35,71.94
2025-02-14 13:25:15+00:00,2184,25.56,41.45,30.72,65.82,19.29,49.37,14.25,71.62
2025-02-14 13:25:31+00:00,2185,25.63,41.34,30.77,65.62,19.32,49.19,14.54,71.20
2025-02-14 13:25:46+00:00,2186,25.53,41.23,30.35,65.3,19.38,49.29,14.42,70.93
2025-02-14 13:26:02+00:00,2187,25.57,41.13,30.22,65.13,19.35,49.01,14.37,70.53
2025-02-14 13:26:18+00:00,2188,25.63,40.93,30.73,64.9,19.37,48.95,13.99,70.25
2025-02-14 13:26:33+00:00,2189,25.56,40.85,30.7,64.68,19.41,48.97,14.33,70.02
2025-02-14 13:26:49+00:00,2190,25.67,40.8,30.74,64.37,19.5,48.7,14.53,69.54
2025-02-14 13:27:05+00:00,2191,25.75,40.69,30.62,64.21,19.58,48.69,14.45,69.16
2025-02-14 13:27:20+00:00,2192,25.85,40.6,30.16,63.97,19.59,48.59,13.8,68.86
2025-02-14 13:27:36+00:00,2193,25.79,40.53,30.41,63.64,19.6,48.67,14.75,68.61
2025-02-14 13:27:52+00:00,2194,25.85,40.48,30.41,63.37,19.57,48.78,13.95,68.43
2025-02-14 13:28:07+00:00,2195,25.92,40.37,30.65,63.18,19.55,48.57,15.11,68.07
2025-02-14 13:28:23+00:00,2196,25.85,40.37,30.52,63.0,19.53,48.57,14.99,67.84
2025-02-14 13:28:39+00:00,2197,25.87,40.26,30.08,62.64,19.54,48.57,15.17,67.76
2025-02-14 13:28:54+00:00,2198,25.83,40.15,30.23,62.44,19.5,48.57,14.92,67.60
2025-02-14 13:29:10+00:00,2199,25.83,40.03,30.12,62.27,19.44,48.59,14.99,67.40
2025-02-14 13:29:25+00:00,2200,25.83,39.93,30.25,62.07,19.48,48.42,14.99,67.19
2025-02-14 13:29:41+00:00,2201,25.93,39.93,30.45,61.93,19.45,48.42,14.79,67.16
2025-02-14 13:29:57+00:00,2202,25.74,39.83,30.5,61.7,19.44,48.43,14.02,66.95
2025-02-14 13:30:12+00:00,2203,25.7,39.83,29.84,61.71,19.47,48.51,14.62,66.73
2025-02-14 13:30:28+00:00,2204,25.66,39.73,29.88,61.53,19.47,48.3,14.12,66.68
2025-02-14 13:30:43+00:00,2205,25.65,39.72,29.9,61.35,19.4,48.37,14.23,66.54
2025-02-14 13:30:59+00:00,2206,25.57,39.61,30.15,61.16,19.38,48.32,14.48,66.53
2025-02-14 13:31:15+00:00,2207,25.49,39.59,30.16,61.16,19.38,48.33,14.25,66.33
2025-02-14 13:31:31+00:00,2208,25.48,39.51,30.26,60.96,19.37,48.27,12.96,66.30
2025-02-14 13:31:46+00:00,2209,25.36,39.51,30.28,60.82,19.46,48.18,14.49,66.06
2025-02-14 13:32:02+00:00,2210,25.3,39.41,30.36,60.64,19.48,48.01,14.5,65.68
2025-02-14 13:32:17+00:00,2211,25.39,39.39,30.27,60.48,19.53,47.95,14.55,65.32
2025-02-14 13:32:33+00:00,2212,25.31,39.3,30.07,60.29,19.54,47.92,14.12,65.13
2025-02-14 13:32:49+00:00,2213,25.32,39.21,30.06,60.12,19.56,47.95,15.01,64.89
2025-02-14 13:33:04+00:00,2214,25.2,39.1,29.9,59.94,19.57,47.97,14.74,64.64
2025-02-14 13:33:20+00:00,2215,25.22,39.09,29.87,59.78,19.56,47.81,15.02,64.53
2025-02-14 13:33:36+00:00,2216,25.15,39.01,30.22,59.55,19.51,47.75,14.53,64.23
2025-02-14 13:33:51+00:00,2217,25.13,38.99,30.07,59.54,19.54,47.73,14.74,64.02
2025-02-14 13:34:07+00:00,2218,25.22,38.97,30.08,59.39,19.63,47.75,14.97,63.76
2025-02-14 13:34:22+00:00,2219,25.15,38.88,30.16,59.26,19.66,47.63,14.61,63.55
2025-02-14 13:34:39+00:00,2220,25.22,38.88,30.26,59.08,19.72,47.54,14.42,63.38
2025-02-14 13:34:56+00:00,2221,25.13,38.87,30.24,58.94,19.75,47.65,14.58,63.20
2025-02-14 13:35:12+00:00,2222,25.11,38.85,30.19,58.76,19.75,47.66,14.26,62.98
2025-02-14 13:35:27+00:00,2223,25.04,38.78,29.81,58.58,19.76,47.66,13.75,62.81
2025-02-14 13:35:46+00:00,2224,25.05,38.68,29.43,58.42,19.75,47.36,15.13,62.61
2025-02-14 13:36:03+00:00,2225,25.15,38.57,29.63,58.23,19.77,47.33,14.91,62.26
2025-02-14 13:36:18+00:00,2226,25.05,38.48,29.57,57.94,19.8,47.32,14.88,62.23
2025-02-14 13:36:34+00:00,2227,25.04,38.36,29.77,57.92,19.69,47.32,15.1,62.01
2025-02-14 13:36:50+00:00,2228,25.05,38.35,29.88,57.77,19.72,47.19,15.22,61.91
2025-02-14 13:37:06+00:00,2229,25.01,38.26,29.54,57.47,19.75,47.19,15.41,61.70
2025-02-14 13:37:21+00:00,2230,25.02,38.24,29.8,57.42,19.71,47.17,14.99,61.48
2025-02-14 13:37:37+00:00,2231,25.12,38.2,29.81,57.29,19.74,47.08,15.05,61.34
2025-02-14 13:37:52+00:00,2232,25.11,38.14,29.61,57.13,19.74,47.26,15.08,61.31
2025-02-14 13:38:09+00:00,2233,25.09,38.05,28.99,57.0,19.73,47.08,14.78,61.14
2025-02-14 13:38:24+00:00,2234,25.12,37.94,29.29,56.82,19.74,47.18,15.26,60.99
2025-02-14 13:38:39+00:00,2235,25.05,37.94,29.62,56.68,19.74,47.07,15.26,60.82
2025-02-14 13:38:55+00:00,2236,25.06,37.84,29.4,56.51,19.72,46.97,14.69,60.64
2025-02-14 13:39:11+00:00,2237,24.96,37.73,29.48,56.49,19.69,46.95,15.26,60.63
2025-02-14 13:39:26+00:00,2238,25.04,37.73,29.54,56.32,19.68,46.97,15.55,60.46
2025-02-14 13:39:42+00:00,2239,25.04,37.73,29.53,56.17,19.66,46.93,15.5,60.33
2025-02-14 13:39:59+00:00,2240,25.09,37.66,29.43,55.95,19.66,46.8,15.27,60.30
2025-02-14 13:40:15+00:00,2241,25.07,37.7,29.45,55.85,19.62,46.88,15.18,60.27
2025-02-14 13:40:31+00:00,2242,25.04,37.63,29.53,55.81,19.67,46.75,15.17,60.12
2025-02-14 13:40:47+00:00,2243,25.04,37.55,29.24,55.73,19.64,46.71,15.5,59.95
2025-02-14 13:41:05+00:00,2244,24.99,37.51,29.11,55.72,19.64,46.74,15.51,59.80
2025-02-14 13:41:20+00:00,2245,24.96,37.42,28.95,55.56,19.58,46.7,15.47,59.67
2025-02-14 13:41:36+00:00,2246,24.96,37.33,28.99,55.41,19.59,46.69,15.33,59.60
2025-02-14 13:41:51+00:00,2247,25.04,37.22,28.9,55.28,19.61,46.66,15.33,59.58
2025-02-14 13:42:07+00:00,2248,25.04,37.21,28.51,55.25,19.55,46.7,15.53,59.39
2025-02-14 13:42:23+00:00,2249,24.95,37.12,29.03,55.11,19.55,46.55,15.34,59.39
2025-02-14 13:42:38+00:00,2250,25.04,37.07,29.08,54.96,19.56,46.56,15.35,59.25
2025-02-14 13:42:54+00:00,2251,25.07,37.05,29.04,54.94,19.56,46.51,15.2,59.27
2025-02-14 13:43:10+00:00,2252,25.21,37.02,29.02,54.81,19.57,46.75,15.36,59.15
2025-02-14 13:43:25+00:00,2253,25.3,36.96,28.95,54.67,19.66,46.64,15.17,59.10
2025-02-14 13:43:41+00:00,2254,25.4,36.92,28.9,54.53,19.66,46.64,15.18,58.95
2025-02-14 13:43:56+00:00,2255,25.5,36.92,29.01,54.51,19.63,46.51,15.18,58.97
2025-02-14 13:44:12+00:00,2256,25.56,36.92,28.94,54.35,19.59,46.67,15.17,59.14
2025-02-14 13:44:28+00:00,2257,25.58,36.93,28.63,54.32,19.53,46.81,15.2,59.26
2025-02-14 13:44:43+00:00,2258,25.48,36.92,28.7,54.38,19.47,46.93,15.22,59.27
2025-02-14 13:44:59+00:00,2259,25.5,36.93,28.61,54.25,19.39,46.93,15.24,59.52
2025-02-14 13:45:15+00:00,2260,25.48,36.92,28.77,54.24,19.31,47.05,15.04,59.78
2025-02-14 13:45:30+00:00,2261,25.48,36.95,28.99,54.26,19.22,47.19,15.02,59.95
2025-02-14 13:45:46+00:00,2262,25.48,37.01,29.05,54.37,19.23,47.15,14.84,60.11
2025-02-14 13:46:02+00:00,2263,25.41,37.03,28.8,54.47,19.22,47.28,14.91,60.46
2025-02-14 13:46:17+00:00,2264,25.4,37.02,28.58,54.51,19.15,47.31,14.68,60.58
2025-02-14 13:46:33+00:00,2265,25.39,37.01,28.43,54.52,19.13,47.26,14.84,60.65
2025-02-14 13:46:48+00:00,2266,25.39,37.02,28.4,54.66,19.05,47.18,14.63,60.80
2025-02-14 13:47:04+00:00,2267,25.39,36.92,28.18,54.67,19.05,47.15,14.16,60.83
2025-02-14 13:47:20+00:00,2268,25.38,36.92,28.34,54.67,18.98,47.08,14.25,60.98
2025-02-14 13:47:36+00:00,2269,25.29,36.9,28.42,54.79,18.92,47.11,14.45,60.99
2025-02-14 13:47:51+00:00,2270,25.31,36.9,28.81,54.7,18.92,47.16,13.98,61.17
2025-02-14 13:48:06+00:00,2271,25.3,36.9,28.9,54.72,18.88,47.03,13.2,61.17
2025-02-14 13:48:22+00:00,2272,25.3,36.92,28.68,54.81,18.89,46.93,14.4,61.17
2025-02-14 13:48:38+00:00,2273,25.3,36.92,28.67,54.82,18.93,47.06,13.51,61.23
2025-02-14 13:48:53+00:00,2274,25.22,36.92,28.9,54.84,18.94,47.06,12.64,61.34
2025-02-14 13:49:09+00:00,2275,25.23,36.95,29.0,54.97,18.96,46.97,14.15,61.44
2025-02-14 13:49:25+00:00,2276,25.22,37.0,28.72,54.97,18.98,47.07,13.85,61.53
2025-02-14 13:49:40+00:00,2277,25.22,37.01,28.76,55.1,18.92,47.05,14.4,61.53
2025-02-14 13:49:56+00:00,2278,25.19,37.01,28.66,55.13,18.9,47.16,14.29,61.54
2025-02-14 13:50:12+00:00,2279,25.22,37.02,28.93,55.12,18.88,47.03,14.22,61.56
2025-02-14 13:50:27+00:00,2280,25.21,37.01,28.91,55.12,18.83,47.07,13.07,61.68
2025-02-14 13:50:43+00:00,2281,25.14,37.02,29.01,55.25,18.85,47.0,14.05,61.71
2025-02-14 13:50:59+00:00,2282,25.22,37.02,28.69,55.27,18.86,46.9,13.58,61.69
2025-02-14 13:51:14+00:00,2283,25.18,37.02,28.67,55.42,18.82,46.92,14.12,61.57
2025-02-14 13:51:30+00:00,2284,25.13,36.92,28.43,55.43,18.79,46.69,13.61,61.56
2025-02-14 13:51:45+00:00,2285,25.11,36.91,28.62,55.41,18.76,46.93,13.94,61.64
2025-02-14 13:52:01+00:00,2286,25.14,36.92,28.86,55.41,18.72,46.92,13.98,61.69
2025-02-14 13:52:17+00:00,2287,25.12,36.92,28.91,55.38,18.69,46.79,13.72,61.68
2025-02-14 13:52:32+00:00,2288,25.09,37.0,29.06,55.4,18.67,46.83,13.87,61.71
2025-02-14 13:52:48+00:00,2289,25.13,37.02,29.07,55.4,18.73,46.86,13.75,61.69
2025-02-14 13:53:04+00:00,2290,25.12,37.1,29.09,55.41,18.75,46.95,13.71,61.71
2025-02-14 13:53:19+00:00,2291,25.13,37.12,29.04,55.43,18.79,47.08,13.62,61.73
2025-02-14 13:53:35+00:00,2292,25.09,37.22,28.95,55.43,18.77,46.99,13.64,61.86
2025-02-14 13:53:51+00:00,2293,25.04,37.22,29.11,55.53,18.73,46.97,13.44,61.86
2025-02-14 13:54:06+00:00,2294,25.04,37.22,29.15,55.43,18.7,46.9,13.07,61.88
2025-02-14 13:54:22+00:00,2295,25.04,37.22,29.16,55.47,18.71,46.94,13.19,61.90
2025-02-14 13:54:37+00:00,2296,25.04,37.28,29.26,55.45,18.69,46.84,12.82,61.90
2025-02-14 13:54:53+00:00,2297,25.03,37.33,29.25,55.43,18.7,46.87,13.09,61.72
2025-02-14 13:55:09+00:00,2298,24.96,37.33,29.3,55.43,18.69,46.87,12.65,61.75
2025-02-14 13:55:24+00:00,2299,24.97,37.33,29.39,55.53,18.76,46.79,12.69,61.69
2025-02-14 13:55:40+00:00,2300,24.96,37.32,29.41,55.43,18.78,46.55,13.15,61.45
2025-02-14 13:55:56+00:00,2301,24.97,37.28,29.42,55.43,18.86,46.56,12.31,61.19
2025-02-14 13:56:11+00:00,2302,25.05,37.23,29.4,55.42,18.82,46.45,12.89,61.13
2025-02-14 13:56:27+00:00,2303,25.04,37.22,29.43,55.4,18.87,46.31,13.09,60.96
2025-02-14 13:56:43+00:00,2304,25.04,37.21,29.16,55.32,18.87,46.3,13.27,60.69
2025-02-14 13:56:58+00:00,2305,25.03,37.12,28.96,55.27,18.91,46.31,13.44,60.62
2025-02-14 13:57:14+00:00,2306,25.03,37.02,29.05,55.25,18.99,46.31,13.31,60.36
2025-02-14 13:57:29+00:00,2307,24.96,36.92,29.16,55.12,19.03,46.26,13.44,60.10
2025-02-14 13:57:45+00:00,2308,25.04,36.91,29.16,54.97,19.06,46.07,13.62,59.78
2025-02-14 13:58:01+00:00,2309,25.05,36.82,28.92,54.88,19.08,46.08,13.47,59.60
2025-02-14 13:58:16+00:00,2310,25.04,36.81,28.67,54.8,19.11,45.92,13.45,59.43
2025-02-14 13:58:32+00:00,2311,25.04,36.72,28.47,54.67,19.14,45.86,13.34,59.24
2025-02-14 13:58:48+00:00,2312,25.04,36.61,28.45,54.51,19.09,45.89,13.77,58.95
2025-02-14 13:59:03+00:00,2313,25.04,36.52,28.28,54.37,19.11,45.88,13.71,58.79
2025-02-14 13:59:19+00:00,2314,25.04,36.44,28.51,54.22,19.1,45.95,13.96,58.62
2025-02-14 13:59:34+00:00,2315,25.04,36.4,28.52,54.08,19.09,45.94,13.28,58.44
2025-02-14 13:59:50+00:00,2316,25.01,36.31,28.53,53.95,19.13,45.86,13.3,58.27
2025-02-14 14:00:06+00:00,2317,25.0,36.21,28.31,53.82,19.13,45.85,13.62,58.10
2025-02-14 14:00:22+00:00,2318,25.04,36.12,28.37,53.66,19.14,45.82,13.76,57.94
2025-02-14 14:00:37+00:00,2319,25.04,36.09,28.35,53.55,19.18,45.83,13.55,57.92
2025-02-14 14:00:53+00:00,2320,25.04,36.02,28.39,53.34,19.15,45.79,14.17,57.76
2025-02-14 14:01:08+00:00,2321,25.09,36.0,28.42,53.33,19.17,45.94,14.17,57.63
2025-02-14 14:01:24+00:00,2322,25.17,36.01,28.25,53.2,19.22,45.85,13.89,57.46
2025-02-14 14:01:40+00:00,2323,25.22,35.96,28.15,53.05,19.28,45.71,13.69,57.42
2025-02-14 14:01:55+00:00,2324,25.3,35.91,28.26,52.91,19.21,45.78,13.51,57.29
2025-02-14 14:02:11+00:00,2325,25.31,35.9,28.46,52.8,19.22,45.85,13.0,57.16
2025-02-14 14:02:27+00:00,2326,24.7,35.82,28.41,52.75,19.22,45.76,13.72,57.12
2025-02-14 14:02:42+00:00,2327,24.71,35.81,28.22,52.54,19.26,45.73,13.62,56.98
2025-02-14 14:02:58+00:00,2328,24.69,35.8,28.2,52.48,19.26,45.91,13.76,56.99
2025-02-14 14:03:13+00:00,2329,24.6,35.81,28.41,52.48,19.15,45.87,13.89,57.13
2025-02-14 14:03:29+00:00,2330,24.61,35.81,28.42,52.39,19.14,46.06,14.08,57.23
2025-02-14 14:03:45+00:00,2331,24.52,35.81,28.34,52.36,19.14,46.1,14.13,57.29
2025-02-14 14:04:00+00:00,2332,24.51,35.81,28.03,52.34,19.14,46.18,14.31,57.29
2025-02-14 14:04:16+00:00,2333,24.34,35.8,27.98,52.34,19.07,46.0,13.75,57.32
2025-02-14 14:04:32+00:00,2334,24.26,35.72,27.9,52.34,19.09,46.0,13.78,57.30
2025-02-14 14:04:47+00:00,2335,24.25,35.7,27.86,52.22,19.12,45.97,14.03,57.13
2025-02-14 14:05:03+00:00,2336,24.17,35.61,27.9,52.2,19.18,45.74,14.32,56.99
2025-02-14 14:05:18+00:00,2337,24.16,35.52,28.03,52.22,19.16,45.82,14.56,56.82
2025-02-14 14:05:34+00:00,2338,24.08,35.51,28.1,52.12,19.14,45.81,14.38,56.66
2025-02-14 14:05:50+00:00,2339,24.02,35.5,28.33,52.01,19.2,45.83,15.56,56.64
2025-02-14 14:06:05+00:00,2340,24.08,35.5,28.32,51.92,19.25,45.84,15.21,56.53
2025-02-14 14:06:21+00:00,2341,24.08,35.43,28.38,51.88,19.23,45.77,15.36,56.48
2025-02-14 14:06:37+00:00,2342,23.86,35.41,28.4,51.8,19.24,45.74,14.78,56.34
2025-02-14 14:06:52+00:00,2343,24.0,35.44,28.46,51.79,19.32,45.72,15.68,56.33
2025-02-14 14:07:08+00:00,2344,24.13,35.46,28.43,51.79,19.34,45.59,15.68,56.18
2025-02-14 14:07:23+00:00,2345,24.08,35.49,28.42,51.72,19.4,45.6,15.69,56.17
2025-02-14 14:07:39+00:00,2346,23.99,35.45,28.33,51.64,19.39,45.6,15.68,56.05
2025-02-14 14:07:55+00:00,2347,23.9,35.42,28.34,51.65,19.41,45.65,15.51,56.04
2025-02-14 14:08:11+00:00,2348,23.81,35.41,28.37,51.5,19.4,45.6,15.33,56.02
2025-02-14 14:08:26+00:00,2349,23.9,35.4,28.24,51.51,19.41,45.59,15.17,55.89
2025-02-14 14:08:42+00:00,2350,23.86,35.38,28.34,51.51,19.4,45.63,15.64,55.87
2025-02-14 14:08:57+00:00,2351,23.82,35.35,28.07,51.38,19.44,45.62,15.63,55.74
2025-02-14 14:09:13+00:00,2352,23.79,35.31,27.95,51.36,19.4,45.48,15.56,55.69
2025-02-14 14:09:29+00:00,2353,23.74,35.32,27.88,51.37,19.4,45.48,15.61,55.62
2025-02-14 14:09:44+00:00,2354,23.72,35.22,27.88,51.24,19.39,45.62,15.4,55.57
2025-02-14 14:10:00+00:00,2355,23.73,35.22,28.04,51.23,19.34,45.62,15.61,55.56
2025-02-14 14:10:15+00:00,2356,23.56,35.21,27.89,51.18,19.35,45.63,15.6,55.50
2025-02-14 14:10:31+00:00,2357,23.64,35.16,28.05,51.09,19.32,45.51,15.53,55.56
2025-02-14 14:10:47+00:00,2358,23.62,35.13,27.9,50.97,19.29,45.6,15.54,55.43
2025-02-14 14:11:02+00:00,2359,23.47,35.11,27.9,50.96,19.28,45.44,15.49,55.40
2025-02-14 14:11:18+00:00,2360,23.55,35.11,27.72,50.95,19.25,45.47,15.18,55.28
2025-02-14 14:11:34+00:00,2361,23.66,35.08,27.9,50.83,19.24,45.45,15.58,55.28
2025-02-14 14:11:49+00:00,2362,23.55,35.02,27.87,50.82,19.23,45.44,15.53,55.27
2025-02-14 14:12:05+00:00,2363,23.63,35.02,27.97,50.81,19.26,45.41,15.44,55.13
2025-02-14 14:12:21+00:00,2364,23.55,35.01,28.13,50.7,19.22,45.3,15.37,55.12
2025-02-14 14:12:36+00:00,2365,23.55,35.0,28.16,50.68,19.22,45.48,15.27,55.12
2025-02-14 14:12:52+00:00,2366,23.56,35.02,28.21,50.69,19.25,45.36,15.31,55.12
2025-02-14 14:13:07+00:00,2367,23.55,35.02,28.23,50.56,19.31,45.41,15.26,55.12
2025-02-14 14:13:23+00:00,2368,23.57,35.04,28.07,50.56,19.32,45.44,15.12,55.11
2025-02-14 14:13:39+00:00,2369,23.49,35.02,28.0,50.55,19.32,45.37,15.2,55.06
2025-02-14 14:13:55+00:00,2370,23.47,35.02,28.0,50.54,19.3,45.36,15.33,54.97
2025-02-14 14:14:10+00:00,2371,23.46,35.01,27.88,50.42,19.31,45.31,15.33,54.85
2025-02-14 14:14:26+00:00,2372,23.47,35.0,27.55,50.43,19.3,45.23,15.28,54.82
2025-02-14 14:14:41+00:00,2373,23.38,34.91,27.8,50.4,19.27,45.25,15.45,54.82
2025-02-14 14:14:57+00:00,2374,23.47,34.92,27.88,50.29,19.23,45.25,15.23,54.80
2025-02-14 14:15:13+00:00,2375,23.48,34.92,27.99,50.24,19.26,45.37,15.34,54.80
2025-02-14 14:15:28+00:00,2376,23.46,34.91,27.98,50.24,19.22,45.29,15.44,54.74
2025-02-14 14:15:44+00:00,2377,23.46,34.92,28.12,50.16,19.25,45.31,15.44,54.78
2025-02-14 14:16:00+00:00,2378,23.46,34.92,28.06,50.27,19.22,45.35,15.43,54.82
2025-02-14 14:16:15+00:00,2379,23.47,34.92,28.06,50.17,19.28,45.26,15.39,54.82
2025-02-14 14:16:31+00:00,2380,23.38,34.92,27.86,50.15,19.28,45.23,15.37,54.69
2025-02-14 14:16:46+00:00,2381,23.46,34.93,27.84,50.16,19.29,45.3,15.26,54.67
2025-02-14 14:17:02+00:00,2382,23.38,34.88,27.8,50.15,19.28,45.27,15.38,54.52
2025-02-14 14:17:18+00:00,2383,23.39,34.83,27.55,50.15,19.27,45.2,15.44,54.52
2025-02-14 14:17:33+00:00,2384,23.39,34.79,27.62,50.13,19.19,45.1,15.26,54.52
2025-02-14 14:17:49+00:00,2385,23.29,34.75,27.62,50.03,19.16,45.24,15.37,54.47
2025-02-14 14:18:04+00:00,2386,23.38,34.73,27.45,50.01,19.18,45.14,15.42,54.45
2025-02-14 14:18:23+00:00,2387,23.47,34.73,27.66,49.92,19.15,45.28,15.46,54.43
2025-02-14 14:18:41+00:00,2388,23.47,34.72,27.72,49.89,19.14,45.23,15.44,54.52
2025-02-14 14:18:56+00:00,2389,23.54,34.73,27.63,49.85,19.18,45.17,15.44,54.43
2025-02-14 14:19:12+00:00,2390,23.55,34.73,27.76,49.87,19.14,45.21,15.27,54.38
2025-02-14 14:19:27+00:00,2391,23.55,34.73,27.7,49.89,19.11,45.42,15.32,54.37
2025-02-14 14:19:43+00:00,2392,23.43,34.71,27.82,49.87,19.16,45.34,15.45,54.26
2025-02-14 14:19:59+00:00,2393,23.56,34.64,27.86,49.75,19.15,45.22,15.48,54.35
2025-02-14 14:20:14+00:00,2394,23.46,34.63,27.91,49.76,19.13,45.2,15.42,54.21
2025-02-14 14:20:30+00:00,2395,23.46,34.62,27.92,49.75,19.14,45.21,15.4,54.26
2025-02-14 14:20:45+00:00,2396,23.47,34.62,27.81,49.74,19.19,45.12,15.34,54.20
2025-02-14 14:21:01+00:00,2397,23.46,34.62,27.96,49.62,19.22,45.07,15.36,54.22
2025-02-14 14:21:17+00:00,2398,23.38,34.54,27.98,49.62,19.38,45.07,15.42,54.06
2025-02-14 14:21:32+00:00,2399,23.47,34.14,27.99,49.6,20.59,43.84,17.35,50.96
2025-02-14 14:21:48+00:00,2400,23.55,33.75,27.96,49.51,21.47,42.84,18.6,46.93
2025-02-14 14:22:03+00:00,2401,23.64,33.46,27.97,49.62,22.13,42.03,19.14,43.59
2025-02-14 14:22:19+00:00,2402,23.79,33.24,27.95,49.62,22.59,41.76,19.4,41.14
2025-02-14 14:22:35+00:00,2403,23.86,32.98,27.89,49.65,22.95,44.91,19.56,39.30
2025-02-14 14:22:50+00:00,2404,23.9,32.79,27.85,49.61,23.21,46.69,19.63,37.95
2025-02-14 14:23:07+00:00,2405,23.9,32.67,27.82,49.62,23.35,48.83,19.63,37.04
2025-02-14 14:23:22+00:00,2406,24.04,32.51,27.8,49.61,23.49,51.38,19.67,36.01
2025-02-14 14:23:37+00:00,2407,24.1,32.4,27.76,49.62,23.64,52.69,19.86,35.19
2025-02-14 14:23:53+00:00,2408,24.23,32.25,27.81,49.62,23.73,54.12,20.0,34.53
2025-02-14 14:24:09+00:00,2409,24.25,32.14,27.8,49.54,23.86,55.23,20.09,33.94
2025-02-14 14:24:25+00:00,2410,24.33,32.03,27.79,49.49,23.94,50.74,20.01,33.72
2025-02-14 14:24:40+00:00,2411,24.42,32.13,27.82,49.37,22.51,47.56,15.68,41.46
2025-02-14 14:24:55+00:00,2412,24.34,32.41,27.85,49.23,22.17,46.44,13.53,46.33
2025-02-14 14:25:11+00:00,2413,24.43,32.6,27.82,49.1,21.17,45.58,10.19,47.82
2025-02-14 14:25:27+00:00,2414,24.52,32.7,27.81,48.84,20.09,45.08,10.0,48.45
2025-02-14 14:25:42+00:00,2415,24.52,32.79,27.83,48.69,19.16,44.39,11.85,48.72
2025-02-14 14:25:58+00:00,2416,24.52,32.89,27.87,48.45,18.96,43.84,13.38,48.98
2025-02-14 14:26:14+00:00,2417,24.51,32.98,27.89,48.32,18.84,43.87,14.3,49.57
2025-02-14 14:26:29+00:00,2418,24.6,33.08,27.8,48.2,18.47,43.81,14.74,49.75
2025-02-14 14:26:45+00:00,2419,24.5,33.08,27.6,48.07,18.27,43.81,15.33,49.75
2025-02-14 14:27:01+00:00,2420,24.49,33.18,27.33,47.94,17.83,43.72,15.71,49.74
2025-02-14 14:27:16+00:00,2421,24.47,33.18,27.43,47.82,17.7,43.68,15.87,49.64
2025-02-14 14:27:32+00:00,2422,24.52,33.2,27.59,47.7,17.67,43.59,16.28,49.78
2025-02-14 14:27:48+00:00,2423,24.52,33.28,27.34,47.68,17.43,43.58,16.3,49.99
2025-02-14 14:28:03+00:00,2424,24.43,33.25,27.24,47.56,17.35,43.51,16.34,50.15
2025-02-14 14:28:19+00:00,2425,24.43,33.27,27.4,47.56,17.08,43.72,16.39,50.40
2025-02-14 14:28:34+00:00,2426,24.43,33.27,27.53,47.56,16.81,43.48,16.37,50.55
2025-02-14 14:28:50+00:00,2427,24.53,33.29,27.38,47.61,16.83,43.51,16.23,50.83
2025-02-14 14:29:06+00:00,2428,24.43,33.37,27.61,47.68,16.74,43.48,16.21,51.21
2025-02-14 14:29:21+00:00,2429,24.35,33.37,27.61,47.7,16.66,43.54,16.38,51.53
2025-02-14 14:29:37+00:00,2430,24.33,33.43,27.53,47.75,16.63,43.67,16.13,51.92
2025-02-14 14:29:53+00:00,2431,24.25,33.46,27.24,47.82,16.49,43.67,16.37,52.06
2025-02-14 14:30:08+00:00,2432,24.29,33.46,27.17,47.94,16.41,43.61,16.23,52.27
2025-02-14 14:30:24+00:00,2433,24.26,33.46,27.34,48.06,16.43,43.71,16.39,52.63
2025-02-14 14:30:40+00:00,2434,24.24,33.48,27.38,48.19,16.38,43.73,16.31,52.78
2025-02-14 14:30:55+00:00,2435,24.16,33.5,27.53,48.2,16.38,43.74,16.23,53.05
2025-02-14 14:31:11+00:00,2436,24.15,33.56,27.61,48.32,16.31,43.76,15.77,53.34
2025-02-14 14:31:26+00:00,2437,24.14,33.56,27.64,48.45,16.3,43.81,16.3,53.50
2025-02-14 14:31:42+00:00,2438,24.08,33.66,27.59,48.71,16.38,43.85,16.32,53.92
2025-02-14 14:31:58+00:00,2439,23.99,33.75,27.62,48.93,16.4,43.74,16.24,54.22
2025-02-14 14:32:13+00:00,2440,23.99,33.76,27.61,49.1,16.47,43.96,16.21,54.40
2025-02-14 14:32:29+00:00,2441,23.99,33.85,27.69,49.23,16.47,43.82,16.23,54.67
2025-02-14 14:32:45+00:00,2442,23.9,33.94,27.6,49.37,16.44,43.78,16.2,54.81
2025-02-14 14:33:00+00:00,2443,23.92,33.96,27.71,49.65,16.47,43.83,16.22,54.99
2025-02-14 14:33:16+00:00,2444,24.0,34.05,27.72,49.87,16.55,43.95,16.21,55.25
2025-02-14 14:33:31+00:00,2445,23.9,34.1,27.73,50.13,16.57,43.81,16.21,55.50
2025-02-14 14:33:47+00:00,2446,23.89,34.14,27.8,50.27,16.65,43.93,16.18,55.68
2025-02-14 14:34:03+00:00,2447,23.82,34.15,27.62,50.41,16.63,44.09,16.15,55.86
2025-02-14 14:34:18+00:00,2448,23.83,34.23,27.54,50.67,16.64,44.03,16.14,55.96
2025-02-14 14:34:34+00:00,2449,23.81,34.24,27.71,50.83,16.64,43.95,16.15,56.14
2025-02-14 14:34:50+00:00,2450,23.9,34.26,27.81,51.09,16.64,44.13,16.14,56.20
2025-02-14 14:35:05+00:00,2451,23.9,34.33,27.51,51.23,16.7,44.06,16.06,56.36
2025-02-14 14:35:21+00:00,2452,23.89,34.33,27.43,51.23,16.66,44.07,16.02,56.50
2025-02-14 14:35:37+00:00,2453,23.82,34.35,27.44,51.37,16.68,44.02,16.03,56.51
2025-02-14 14:35:52+00:00,2454,23.73,34.39,27.18,51.49,16.66,44.07,16.01,56.66
2025-02-14 14:36:08+00:00,2455,23.89,34.42,27.32,51.5,16.64,43.96,15.67,56.82
2025-02-14 14:36:23+00:00,2456,23.9,34.33,26.96,51.51,16.65,43.82,15.76,56.84
2025-02-14 14:36:40+00:00,2457,23.89,34.33,27.03,51.64,16.64,43.96,16.03,56.85
2025-02-14 14:36:55+00:00,2458,23.73,34.33,27.12,51.79,16.64,44.03,15.96,56.97
2025-02-14 14:37:10+00:00,2459,23.78,34.38,27.21,51.79,16.61,43.95,15.9,57.17
2025-02-14 14:37:26+00:00,2460,23.64,34.42,27.45,52.05,16.62,44.01,15.81,57.14
2025-02-14 14:37:42+00:00,2461,23.71,34.43,27.26,52.2,16.64,43.93,16.01,57.29
2025-02-14 14:37:57+00:00,2462,23.64,34.52,27.3,52.21,16.69,43.98,16.02,57.35
2025-02-14 14:38:13+00:00,2463,23.64,34.52,27.31,52.31,16.78,44.0,16.03,57.45
2025-02-14 14:38:29+00:00,2464,23.63,34.52,27.25,52.47,16.75,44.07,16.03,57.45
2025-02-14 14:38:44+00:00,2465,23.64,34.53,27.37,52.63,16.74,44.07,16.02,57.45
2025-02-14 14:39:00+00:00,2466,23.62,34.53,27.45,52.77,16.73,43.96,15.94,57.61
2025-02-14 14:39:15+00:00,2467,23.64,34.53,27.56,52.93,16.73,44.05,15.88,57.67
2025-02-14 14:39:31+00:00,2468,23.62,34.53,27.44,52.96,16.75,44.14,15.85,57.78
2025-02-14 14:39:47+00:00,2469,23.64,34.62,27.46,53.06,16.8,44.14,15.84,57.79
2025-02-14 14:40:02+00:00,2470,23.55,34.63,27.52,53.11,16.81,44.07,15.86,57.77
2025-02-14 14:40:18+00:00,2471,23.64,34.63,27.52,53.2,16.81,44.04,15.79,57.91
2025-02-14 14:40:34+00:00,2472,23.55,34.65,27.27,53.34,16.86,44.08,15.77,57.90
2025-02-14 14:40:49+00:00,2473,23.62,34.63,27.08,53.25,16.85,44.03,15.79,57.83
2025-02-14 14:41:05+00:00,2474,23.54,34.63,27.09,53.35,16.84,44.11,15.74,57.88
2025-02-14 14:41:21+00:00,2475,23.48,34.53,27.1,53.2,16.93,44.03,15.69,57.65
2025-02-14 14:41:36+00:00,2476,23.54,34.15,27.18,53.2,18.62,42.86,17.15,54.23
2025-02-14 14:41:52+00:00,2477,23.56,33.75,27.12,53.18,19.84,41.9,18.64,49.62
2025-02-14 14:42:08+00:00,2478,23.72,33.47,27.09,53.08,20.63,41.14,19.16,45.72
2025-02-14 14:42:23+00:00,2479,23.81,33.17,27.07,52.96,21.22,40.81,19.66,42.69
2025-02-14 14:42:39+00:00,2480,23.9,32.89,26.82,52.86,21.63,43.83,19.92,40.36
2025-02-14 14:42:54+00:00,2481,23.98,32.7,26.74,52.63,21.93,45.95,20.06,38.74
2025-02-14 14:43:10+00:00,2482,24.02,32.48,26.73,52.49,22.17,48.34,20.12,37.48
2025-02-14 14:43:25+00:00,2483,24.07,32.31,26.66,52.34,22.44,50.42,20.1,36.41
2025-02-14 14:43:41+00:00,2484,24.17,32.13,26.54,52.34,22.67,52.06,19.99,35.51
2025-02-14 14:43:57+00:00,2485,24.29,32.03,26.55,52.2,22.85,53.64,20.31,34.73
2025-02-14 14:44:12+00:00,2486,24.36,31.85,26.71,52.2,23.01,54.36,20.5,34.04
2025-02-14 14:44:28+00:00,2487,24.43,31.75,26.55,52.2,23.19,55.42,20.73,33.46
2025-02-14 14:44:44+00:00,2488,24.43,31.58,26.59,52.2,23.2,50.01,20.66,33.66
2025-02-14 14:45:00+00:00,2489,24.51,31.76,26.65,52.05,21.48,46.86,16.31,43.22
2025-02-14 14:45:15+00:00,2490,24.51,32.11,26.68,51.92,20.25,45.69,14.02,48.57
2025-02-14 14:45:31+00:00,2491,24.54,32.25,26.65,51.78,20.25,44.69,10.97,50.30
2025-02-14 14:45:46+00:00,2492,24.51,32.4,26.74,51.42,19.84,44.3,10.9,51.19
2025-02-14 14:46:02+00:00,2493,24.52,32.59,26.74,51.1,19.06,43.58,10.86,51.39
2025-02-14 14:46:18+00:00,2494,24.52,32.66,26.55,50.83,18.97,43.09,12.87,51.61
2025-02-14 14:46:33+00:00,2495,24.51,32.79,26.64,50.67,18.72,43.03,14.23,51.82
2025-02-14 14:46:50+00:00,2496,24.51,32.79,26.53,50.42,18.46,42.7,14.94,51.84
2025-02-14 14:47:07+00:00,2497,24.51,32.8,26.54,50.27,18.13,42.78,15.33,52.09
2025-02-14 14:47:22+00:00,2498,24.43,32.88,26.27,50.1,17.67,42.6,15.68,52.22
2025-02-14 14:47:38+00:00,2499,24.39,32.87,26.24,49.99,17.6,42.5,15.85,52.34
2025-02-14 14:47:54+00:00,2500,24.51,32.98,26.61,49.89,17.44,42.5,15.97,52.78
2025-02-14 14:48:09+00:00,2501,24.43,33.07,26.81,49.87,17.28,42.44,15.95,53.06
2025-02-14 14:48:25+00:00,2502,24.25,33.08,26.75,49.82,17.23,42.56,15.93,53.36
2025-02-14 14:48:41+00:00,2503,24.25,33.18,26.36,49.75,16.99,42.55,15.84,53.49
2025-02-14 14:48:56+00:00,2504,24.16,33.16,26.56,49.75,16.85,42.46,15.88,53.52
2025-02-14 14:49:12+00:00,2505,24.07,33.18,26.51,49.75,16.81,42.49,16.03,53.90
2025-02-14 14:49:27+00:00,2506,24.08,33.18,26.55,49.76,16.71,42.56,15.87,54.04
2025-02-14 14:49:43+00:00,2507,24.07,33.26,26.5,49.83,16.63,42.54,15.6,54.19
2025-02-14 14:49:59+00:00,2508,23.97,33.36,26.64,49.77,16.53,42.7,16.06,54.47
2025-02-14 14:50:14+00:00,2509,23.99,33.37,26.66,49.76,16.34,42.69,15.9,54.52
2025-02-14 14:50:30+00:00,2510,23.92,33.42,26.86,49.89,16.39,42.85,15.88,54.66
2025-02-14 14:50:46+00:00,2511,23.94,33.47,26.76,50.02,16.34,42.77,15.93,54.97
2025-02-14 14:51:01+00:00,2512,23.92,33.55,26.89,50.28,16.37,42.83,15.87,55.12
2025-02-14 14:51:17+00:00,2513,23.9,33.64,26.94,50.42,16.37,43.02,15.92,55.44
2025-02-14 14:51:33+00:00,2514,23.82,33.66,26.85,50.7,16.3,43.03,15.94,55.56
2025-02-14 14:51:48+00:00,2515,23.82,33.68,26.79,50.84,16.31,43.01,15.97,55.60
2025-02-14 14:52:04+00:00,2516,23.87,33.7,26.57,50.96,16.31,43.04,15.95,55.73
2025-02-14 14:52:19+00:00,2517,23.9,33.67,26.54,51.09,16.31,43.01,15.98,55.89
2025-02-14 14:52:35+00:00,2518,23.82,33.75,26.62,51.21,16.33,43.15,16.06,56.03
2025-02-14 14:52:51+00:00,2519,23.9,33.75,26.81,51.23,16.25,43.23,16.03,56.16
2025-02-14 14:53:06+00:00,2520,23.73,33.75,26.46,51.25,16.27,43.11,16.16,56.31
2025-02-14 14:53:22+00:00,2521,23.73,33.85,26.38,51.38,16.29,43.24,16.27,56.44
2025-02-14 14:53:38+00:00,2522,23.64,33.85,26.28,51.48,16.26,43.17,16.21,56.50
2025-02-14 14:53:53+00:00,2523,23.74,33.8,26.3,51.51,16.36,43.06,16.2,56.63
2025-02-14 14:54:09+00:00,2524,23.66,33.84,26.42,51.63,16.33,43.19,16.18,56.67
2025-02-14 14:54:25+00:00,2525,23.65,33.85,26.73,51.8,16.37,43.28,16.12,56.82
2025-02-14 14:54:40+00:00,2526,23.64,33.85,26.78,51.9,16.4,43.29,16.05,56.97
2025-02-14 14:54:56+00:00,2527,23.57,33.91,26.91,51.94,16.41,43.3,16.05,57.13
2025-02-14 14:55:11+00:00,2528,23.62,33.91,26.97,52.19,16.47,43.25,15.97,57.12
2025-02-14 14:55:27+00:00,2529,23.64,33.95,26.94,52.23,16.56,43.48,16.0,57.29
2025-02-14 14:55:45+00:00,2530,23.55,34.03,26.94,52.34,16.5,43.46,16.03,57.45
2025-02-14 14:56:01+00:00,2531,23.57,33.85,26.99,52.49,17.74,42.82,16.64,55.51
2025-02-14 14:56:16+00:00,2532,23.65,33.46,27.02,52.63,19.38,41.6,18.7,51.08
2025-02-14 14:56:32+00:00,2533,23.73,33.17,27.08,52.63,20.43,41.03,19.57,46.79
2025-02-14 14:56:47+00:00,2534,23.85,32.88,26.82,52.49,21.12,40.53,19.99,43.32
2025-02-14 14:57:03+00:00,2535,23.9,32.69,26.82,52.34,21.67,41.35,20.09,40.70
2025-02-14 14:57:19+00:00,2536,24.0,32.41,26.7,52.19,22.08,44.47,20.43,38.88
2025-02-14 14:57:34+00:00,2537,24.07,32.22,26.82,52.16,22.36,46.87,20.51,37.61
2025-02-14 14:57:50+00:00,2538,24.16,32.1,26.72,52.04,22.59,49.07,20.44,36.50
2025-02-14 14:58:06+00:00,2539,24.24,31.94,26.56,51.92,22.76,50.69,20.73,35.58
2025-02-14 14:58:21+00:00,2540,24.25,31.76,26.54,51.96,22.9,52.27,20.59,34.72
2025-02-14 14:58:37+00:00,2541,24.34,31.66,26.54,51.92,23.04,53.74,20.92,34.04
2025-02-14 14:58:52+00:00,2542,24.39,31.52,26.37,51.82,22.94,47.89,20.19,35.31
2025-02-14 14:59:08+00:00,2543,24.45,31.75,26.13,51.79,21.13,45.72,16.04,44.77
2025-02-14 14:59:24+00:00,2544,24.41,32.13,26.43,51.65,19.92,44.93,13.78,49.23
2025-02-14 14:59:39+00:00,2545,24.51,32.32,26.28,51.38,19.63,44.2,11.44,50.69
2025-02-14 14:59:55+00:00,2546,24.46,32.5,26.18,51.08,19.83,44.07,11.48,51.35
2025-02-14 15:00:11+00:00,2547,24.52,32.58,26.12,50.83,19.2,43.46,11.42,51.50
2025-02-14 15:00:26+00:00,2548,24.52,32.6,26.3,50.68,19.09,43.19,13.38,51.79
2025-02-14 15:00:42+00:00,2549,24.44,32.7,26.25,50.44,18.88,42.9,14.58,52.32
2025-02-14 15:00:58+00:00,2550,24.52,32.79,26.26,50.4,18.6,42.84,15.26,52.54
2025-02-14 15:01:13+00:00,2551,24.51,32.82,26.28,50.16,18.47,42.91,15.7,52.89
2025-02-14 15:01:29+00:00,2552,24.52,32.95,26.37,50.15,17.98,42.78,15.91,53.05
2025-02-14 15:01:45+00:00,2553,24.6,32.98,26.26,50.14,17.87,42.63,16.12,53.28
2025-02-14 15:02:00+00:00,2554,24.34,32.99,26.36,50.16,17.76,42.68,16.17,53.64
2025-02-14 15:02:16+00:00,2555,24.25,33.08,26.66,50.14,17.59,42.73,16.28,53.84
2025-02-14 15:02:32+00:00,2556,24.34,33.15,26.7,50.05,17.56,42.81,16.3,54.07
2025-02-14 15:02:47+00:00,2557,24.25,33.26,26.63,50.07,17.33,42.9,16.32,54.36
2025-02-14 15:03:03+00:00,2558,24.13,33.27,26.89,50.02,17.17,42.81,16.0,54.48
2025-02-14 15:03:19+00:00,2559,24.11,33.36,26.8,50.15,17.17,42.92,16.22,54.73
2025-02-14 15:03:34+00:00,2560,24.0,33.38,27.0,50.15,17.11,42.86,16.23,54.97
2025-02-14 15:03:50+00:00,2561,23.99,33.46,27.07,50.17,17.06,42.91,16.25,55.26
2025-02-14 15:04:05+00:00,2562,23.9,33.56,26.94,50.29,17.04,43.0,16.22,55.39
2025-02-14 15:04:21+00:00,2563,23.9,33.56,26.63,50.42,16.9,43.11,16.24,55.40
2025-02-14 15:04:36+00:00,2564,23.9,33.59,26.62,50.55,16.88,43.04,16.24,55.57
2025-02-14 15:04:52+00:00,2565,23.82,33.66,26.63,50.68,16.85,43.1,16.44,55.84
2025-02-14 15:05:08+00:00,2566,23.73,33.66,26.72,50.93,16.83,43.24,16.4,56.04
2025-02-14 15:05:23+00:00,2567,23.73,33.75,26.65,51.07,16.85,43.46,16.35,56.34
2025-02-14 15:05:39+00:00,2568,23.74,33.76,26.78,51.09,16.73,43.5,16.4,56.34
2025-02-14 15:05:55+00:00,2569,23.74,33.85,26.95,51.23,16.79,43.61,15.97,56.50
2025-02-14 15:06:10+00:00,2570,23.73,33.94,26.97,51.36,16.8,43.85,16.21,56.81
2025-02-14 15:06:26+00:00,2571,23.72,34.01,26.9,51.51,16.86,43.77,16.27,56.95
2025-02-14 15:06:42+00:00,2572,23.73,34.06,26.82,51.65,16.86,43.96,16.3,57.13
2025-02-14 15:06:57+00:00,2573,23.66,34.13,26.96,51.72,16.95,43.89,16.28,57.29
2025-02-14 15:07:13+00:00,2574,23.57,34.2,27.08,51.87,16.93,44.06,16.17,57.44
2025-02-14 15:07:28+00:00,2575,23.64,34.33,27.03,52.06,17.03,44.17,16.3,57.60
2025-02-14 15:07:44+00:00,2576,23.64,34.33,27.07,52.06,17.5,44.06,16.47,57.28
2025-02-14 15:08:00+00:00,2577,23.63,33.96,27.09,52.2,19.48,42.8,18.08,53.62
2025-02-14 15:08:15+00:00,2578,23.73,33.68,27.1,52.33,20.85,42.11,19.32,49.08
2025-02-14 15:08:31+00:00,2579,23.82,33.45,27.08,52.45,21.76,41.46,20.16,45.36
2025-02-14 15:08:47+00:00,2580,23.9,33.18,27.09,52.48,22.42,41.23,20.25,42.55
2025-02-14 15:09:02+00:00,2581,23.99,32.98,27.17,52.34,22.94,44.66,20.83,40.48
2025-02-14 15:09:18+00:00,2582,24.07,32.79,27.11,52.11,23.32,47.43,21.05,38.98
2025-02-14 15:09:34+00:00,2583,24.17,32.6,27.0,51.96,23.65,49.09,21.12,37.85
2025-02-14 15:09:49+00:00,2584,24.25,32.5,27.0,51.93,23.91,50.74,21.04,36.83
2025-02-14 15:10:05+00:00,2585,24.33,32.32,27.07,51.94,24.14,52.31,21.38,36.07
2025-02-14 15:10:20+00:00,2586,24.39,32.22,27.07,51.92,24.31,53.5,21.54,35.31
2025-02-14 15:10:36+00:00,2587,24.48,32.12,26.95,51.92,24.45,51.17,21.56,34.65
2025-02-14 15:10:52+00:00,2588,24.52,32.15,26.89,51.92,23.07,46.84,17.83,41.70
2025-02-14 15:11:07+00:00,2589,24.6,32.51,26.84,51.9,21.41,45.82,14.86,48.38
2025-02-14 15:11:23+00:00,2590,24.51,32.75,27.05,51.78,20.47,45.06,11.69,50.68
2025-02-14 15:11:39+00:00,2591,24.5,32.89,26.89,51.65,20.68,44.87,10.8,51.74
2025-02-14 15:11:54+00:00,2592,24.68,33.09,26.79,51.34,19.76,44.17,11.41,52.14
2025-02-14 15:12:10+00:00,2593,24.6,33.17,26.86,51.1,19.65,43.72,13.47,52.49
2025-02-14 15:12:25+00:00,2594,24.6,33.27,26.91,50.97,19.41,43.89,14.86,53.03
2025-02-14 15:12:41+00:00,2595,24.6,33.36,26.88,50.82,19.04,43.7,15.4,53.07
2025-02-14 15:12:57+00:00,2596,24.65,33.46,26.97,50.72,18.78,43.92,15.66,53.34
2025-02-14 15:13:12+00:00,2597,24.61,33.56,26.86,50.7,18.29,43.72,15.61,53.49
2025-02-14 15:13:28+00:00,2598,24.52,33.56,26.91,50.68,18.37,43.41,16.63,53.63
2025-02-14 15:13:44+00:00,2599,24.69,33.66,26.88,50.68,18.36,43.54,16.76,54.03
2025-02-14 15:13:59+00:00,2600,24.43,33.66,26.73,50.66,18.14,43.23,16.79,54.21
2025-02-14 15:14:15+00:00,2601,24.5,33.68,26.62,50.61,18.06,43.3,16.85,54.36
2025-02-14 15:14:31+00:00,2602,24.43,33.75,26.63,50.55,17.82,43.26,16.9,54.52
2025-02-14 15:14:46+00:00,2603,24.34,33.75,26.63,50.57,17.64,43.23,16.96,54.52
2025-02-14 15:15:02+00:00,2604,24.42,33.8,26.71,50.55,17.69,43.23,16.99,54.82
2025-02-14 15:15:18+00:00,2605,24.34,33.85,26.64,50.64,17.59,43.11,16.98,55.11
2025-02-14 15:15:33+00:00,2606,24.17,33.85,26.61,50.66,17.5,43.16,16.97,55.24
2025-02-14 15:15:49+00:00,2607,24.16,33.85,26.57,50.69,17.39,43.12,16.99,55.36
2025-02-14 15:16:04+00:00,2608,24.17,33.85,26.54,50.7,17.22,43.16,17.02,55.41
2025-02-14 15:16:20+00:00,2609,24.11,33.85,26.52,50.82,17.25,43.12,17.0,55.56
2025-02-14 15:16:36+00:00,2610,24.08,33.94,26.46,50.89,17.2,43.18,17.05,55.84
2025-02-14 15:16:51+00:00,2611,24.0,33.96,26.62,50.97,17.18,43.22,16.96,56.02
2025-02-14 15:17:07+00:00,2612,24.0,34.03,26.88,51.09,17.2,43.47,16.95,56.17
2025-02-14 15:17:23+00:00,2613,23.94,34.14,26.57,51.1,17.15,43.34,16.91,56.34
2025-02-14 15:17:38+00:00,2614,23.97,34.14,26.46,51.22,17.17,43.4,16.88,56.37
2025-02-14 15:17:54+00:00,2615,23.82,34.15,26.53,51.36,17.18,43.46,16.9,56.51
2025-02-14 15:18:10+00:00,2616,23.8,34.22,26.56,51.45,17.23,43.44,16.86,56.66
2025-02-14 15:18:25+00:00,2617,23.77,34.24,26.64,51.61,17.2,43.49,16.84,56.83
2025-02-14 15:18:41+00:00,2618,23.65,34.24,26.54,51.77,17.17,43.43,16.73,56.98
2025-02-14 15:18:56+00:00,2619,23.74,34.27,26.36,51.91,17.09,43.54,16.71,57.01
2025-02-14 15:19:12+00:00,2620,23.73,34.29,26.54,51.92,17.11,43.51,16.57,57.15
2025-02-14 15:19:28+00:00,2621,23.73,34.33,26.58,52.04,17.09,43.51,16.56,57.29
2025-02-14 15:19:43+00:00,2622,23.62,34.26,26.4,52.2,17.16,43.56,16.55,57.31
2025-02-14 15:19:59+00:00,2623,23.67,33.95,26.43,52.33,18.91,42.52,17.84,54.20
2025-02-14 15:20:17+00:00,2624,23.65,33.59,26.46,52.34,20.35,41.54,19.41,49.67
2025-02-14 15:20:32+00:00,2625,23.82,33.28,26.46,52.48,21.38,40.89,20.26,45.24
2025-02-14 15:20:48+00:00,2626,23.9,32.98,26.55,52.45,21.98,40.51,20.58,42.30
2025-02-14 15:21:04+00:00,2627,23.99,32.79,26.47,52.35,22.51,43.94,20.78,40.15
2025-02-14 15:21:19+00:00,2628,24.07,32.59,26.5,52.2,22.83,45.73,20.87,38.67
2025-02-14 15:21:35+00:00,2629,24.16,32.41,26.58,52.21,23.11,47.64,21.01,37.43
2025-02-14 15:21:51+00:00,2630,24.19,32.25,26.53,52.2,23.31,49.87,21.2,36.45
2025-02-14 15:22:06+00:00,2631,24.34,32.13,26.5,52.06,23.48,51.49,21.29,35.52
2025-02-14 15:22:22+00:00,2632,24.34,32.03,26.44,52.06,23.64,52.9,21.32,34.82
2025-02-14 15:22:43+00:00,2633,24.43,31.86,26.39,51.93,23.81,51.54,21.2,34.15
2025-02-14 15:23:00+00:00,2634,24.57,31.98,26.2,51.79,21.72,45.82,16.39,44.44
2025-02-14 15:23:16+00:00,2635,24.6,32.32,26.11,51.67,20.4,44.81,13.88,49.10
2025-02-14 15:23:31+00:00,2636,24.51,32.49,26.07,51.51,20.09,43.99,11.23,50.56
2025-02-14 15:23:47+00:00,2637,24.49,32.6,25.92,51.23,20.19,43.72,11.57,51.25
2025-02-14 15:24:03+00:00,2638,24.53,32.7,26.03,50.97,19.6,43.22,11.84,51.37
2025-02-14 15:24:18+00:00,2639,24.43,32.75,26.18,50.7,19.4,42.95,13.86,51.77
2025-02-14 15:24:34+00:00,2640,24.52,32.86,25.98,50.65,19.14,42.77,14.94,52.34
2025-02-14 15:24:49+00:00,2641,24.43,32.89,26.04,50.54,18.88,42.57,15.52,52.51
2025-02-14 15:25:05+00:00,2642,24.44,32.97,26.1,50.41,18.61,42.78,15.87,52.89
2025-02-14 15:25:20+00:00,2643,24.43,32.98,26.05,50.27,18.17,42.67,16.07,53.02
2025-02-14 15:25:36+00:00,2644,24.35,32.99,25.93,50.29,18.02,42.57,16.22,53.21
2025-02-14 15:25:52+00:00,2645,24.36,33.08,26.01,50.16,17.82,42.64,16.29,53.55
2025-02-14 15:26:08+00:00,2646,24.42,33.08,26.18,50.17,17.74,42.54,16.39,53.78
2025-02-14 15:26:23+00:00,2647,24.24,33.07,26.26,50.16,17.68,42.73,16.47,54.04
2025-02-14 15:26:39+00:00,2648,24.35,33.19,26.3,50.17,17.48,43.04,16.49,54.24
2025-02-14 15:26:55+00:00,2649,24.34,33.27,26.32,50.28,17.34,43.03,16.55,54.37
2025-02-14 15:27:10+00:00,2650,24.08,33.37,26.47,50.27,17.37,43.14,16.53,54.74
2025-02-14 15:27:26+00:00,2651,24.15,33.37,26.38,50.28,17.3,43.11,16.46,54.91
2025-02-14 15:27:41+00:00,2652,24.14,33.46,26.54,50.29,17.28,43.27,16.44,55.12
2025-02-14 15:27:57+00:00,2653,24.08,33.49,26.54,50.41,17.11,43.26,16.43,55.42
2025-02-14 15:28:13+00:00,2654,24.07,33.56,26.46,50.46,17.02,43.36,16.39,55.42
2025-02-14 15:28:28+00:00,2655,23.98,33.56,26.55,50.55,16.96,43.27,16.4,55.57
2025-02-14 15:28:44+00:00,2656,23.89,33.56,26.49,50.69,16.93,43.34,16.44,55.72
2025-02-14 15:29:00+00:00,2657,23.82,33.57,26.38,50.82,16.92,43.16,16.41,55.89
2025-02-14 15:29:15+00:00,2658,23.82,33.61,26.34,50.95,16.84,43.27,16.35,56.19
2025-02-14 15:29:31+00:00,2659,23.73,33.65,26.33,51.04,16.75,43.35,16.31,56.20
2025-02-14 15:29:46+00:00,2660,23.73,33.66,26.43,51.1,16.71,43.34,16.32,56.34
2025-02-14 15:30:02+00:00,2661,23.72,33.74,26.19,51.25,16.7,43.22,16.29,56.49
2025-02-14 15:30:18+00:00,2662,23.73,33.75,26.3,51.36,16.67,43.15,16.31,56.64
2025-02-14 15:30:33+00:00,2663,23.73,33.75,26.25,51.51,16.74,43.3,16.27,56.72
2025-02-14 15:30:49+00:00,2664,23.64,33.66,26.36,51.64,17.77,42.82,16.39,55.33
2025-02-14 15:31:05+00:00,2665,23.71,33.27,26.45,51.65,19.51,41.75,18.28,51.25
2025-02-14 15:31:22+00:00,2666,23.73,32.96,26.38,51.77,20.77,40.92,19.46,46.47
2025-02-14 15:31:38+00:00,2667,23.81,32.68,26.46,51.79,21.47,40.48,20.12,43.14
2025-02-14 15:31:54+00:00,2668,23.9,32.43,26.32,51.79,22.0,41.68,20.56,40.69
2025-02-14 15:32:09+00:00,2669,23.99,32.22,26.38,51.65,22.4,44.66,19.96,38.98
2025-02-14 15:32:25+00:00,2670,24.09,32.09,26.46,51.63,22.69,46.74,20.97,37.63
2025-02-14 15:32:41+00:00,2671,24.17,31.94,26.48,51.63,22.93,48.6,20.79,36.51
2025-02-14 15:32:56+00:00,2672,24.25,31.84,26.5,51.61,23.12,50.31,21.36,35.62
2025-02-14 15:33:12+00:00,2673,24.32,31.67,26.54,51.54,23.3,51.79,21.48,34.81
2025-02-14 15:33:27+00:00,2674,24.42,31.57,26.55,51.51,23.47,52.91,21.59,34.14
2025-02-14 15:33:43+00:00,2675,24.43,31.47,26.59,51.58,23.63,52.3,21.66,33.50
2025-02-14 15:33:59+00:00,2676,24.52,31.47,26.59,51.51,22.58,46.81,18.94,39.31
2025-02-14 15:34:15+00:00,2677,24.5,31.85,26.58,51.36,20.85,45.58,15.43,46.95
2025-02-14 15:34:30+00:00,2678,24.6,32.13,26.47,51.23,19.78,44.51,12.19,49.75
2025-02-14 15:34:46+00:00,2679,24.6,32.31,26.66,50.96,20.02,44.3,11.93,50.82
2025-02-14 15:35:01+00:00,2680,24.52,32.51,26.54,50.81,19.78,43.95,12.08,51.37
2025-02-14 15:35:17+00:00,2681,24.5,32.6,26.64,50.56,19.49,43.64,12.91,51.51
2025-02-14 15:35:33+00:00,2682,24.5,32.69,26.56,50.42,19.32,43.28,14.47,52.20
2025-02-14 15:35:48+00:00,2683,24.43,32.76,26.47,50.3,18.98,43.15,15.23,52.61
2025-02-14 15:36:04+00:00,2684,24.35,32.79,26.38,50.29,18.8,43.2,15.69,52.91
2025-02-14 15:36:19+00:00,2685,24.34,32.89,26.41,50.28,18.46,43.23,15.94,53.22
2025-02-14 15:36:35+00:00,2686,24.35,32.99,26.46,50.2,18.12,43.03,15.87,53.37
2025-02-14 15:36:51+00:00,2687,24.31,33.04,26.46,50.25,18.11,42.81,16.28,53.63
2025-02-14 15:37:06+00:00,2688,24.2,33.11,26.45,50.19,17.93,42.86,16.36,54.03
2025-02-14 15:37:22+00:00,2689,24.17,33.18,26.26,50.15,17.8,42.89,16.38,54.22
2025-02-14 15:37:38+00:00,2690,24.16,33.23,26.35,50.29,17.63,42.91,16.48,54.50
2025-02-14 15:37:53+00:00,2691,24.07,33.26,26.39,50.27,17.4,43.04,16.47,54.52
2025-02-14 15:38:09+00:00,2692,23.99,33.29,26.35,50.29,17.34,42.88,16.44,54.68
2025-02-14 15:38:24+00:00,2693,23.89,33.36,26.34,50.42,17.29,43.09,16.5,54.96
2025-02-14 15:38:43+00:00,2694,23.84,33.37,26.31,50.53,17.24,43.14,16.46,55.12
2025-02-14 15:38:58+00:00,2695,23.84,33.46,26.37,50.53,17.17,43.43,16.47,55.41
2025-02-14 15:39:14+00:00,2696,23.74,33.56,26.45,50.57,17.06,43.32,16.38,55.57
2025-02-14 15:39:29+00:00,2697,23.73,33.56,26.47,50.69,17.02,43.37,16.4,55.72
2025-02-14 15:39:45+00:00,2698,23.68,33.66,26.3,50.82,16.96,43.53,16.31,55.93
2025-02-14 15:40:00+00:00,2699,23.64,33.66,26.35,50.96,16.98,43.38,16.64,56.12
2025-02-14 15:40:16+00:00,2700,23.63,33.4,26.33,51.1,18.63,42.5,17.84,53.62
2025-02-14 15:40:32+00:00,2701,23.65,33.08,26.27,51.23,20.13,41.56,19.58,49.45
2025-02-14 15:40:47+00:00,2702,23.76,32.79,26.34,51.23,21.04,40.73,20.36,45.45
2025-02-14 15:41:03+00:00,2703,23.89,32.5,26.19,51.32,21.73,40.47,20.75,42.33
2025-02-14 15:41:19+00:00,2704,23.93,32.31,26.19,51.23,22.25,42.23,20.9,40.04
2025-02-14 15:41:34+00:00,2705,24.04,32.13,26.3,51.22,22.59,44.44,21.12,38.40
2025-02-14 15:41:50+00:00,2706,24.07,31.94,26.29,51.21,22.88,46.9,21.21,37.17
2025-02-14 15:42:06+00:00,2707,24.21,31.83,26.46,51.22,23.12,49.07,21.27,36.12
2025-02-14 15:42:21+00:00,2708,24.27,31.7,26.46,51.1,23.28,50.51,21.3,35.32
2025-02-14 15:42:37+00:00,2709,24.35,31.57,26.37,51.1,23.39,51.77,21.1,34.53
2025-02-14 15:42:53+00:00,2710,24.47,31.51,26.4,51.08,23.55,52.88,22.09,33.85
2025-02-14 15:43:08+00:00,2711,24.52,31.46,26.26,51.0,23.02,46.6,20.48,36.95
2025-02-14 15:43:24+00:00,2712,24.6,31.75,26.1,50.9,21.15,45.15,16.48,45.54
2025-02-14 15:43:40+00:00,2713,24.52,32.11,26.27,50.79,20.0,44.3,13.42,48.84
2025-02-14 15:43:55+00:00,2714,24.61,32.22,26.1,50.57,19.94,43.79,12.39,50.03
2025-02-14 15:44:11+00:00,2715,24.52,32.41,26.24,50.39,19.91,43.72,12.66,50.70
2025-02-14 15:44:27+00:00,2716,24.46,32.5,26.28,50.16,19.35,43.15,13.42,50.94
2025-02-14 15:44:42+00:00,2717,24.52,32.53,26.25,50.01,19.23,42.97,14.62,51.51
2025-02-14 15:44:58+00:00,2718,24.43,32.61,26.1,49.89,18.91,42.73,15.36,51.95
2025-02-14 15:45:13+00:00,2719,24.43,32.69,26.13,49.87,18.67,42.59,15.81,52.30
2025-02-14 15:45:29+00:00,2720,24.52,32.77,26.1,49.75,18.42,42.77,16.48,52.67
2025-02-14 15:45:45+00:00,2721,24.42,32.8,26.34,49.75,17.97,42.69,16.65,52.82
2025-02-14 15:46:00+00:00,2722,24.42,32.88,26.46,49.75,17.93,42.7,16.82,53.09
2025-02-14 15:46:16+00:00,2723,24.5,32.98,26.53,49.75,17.77,42.67,16.9,53.49
2025-02-14 15:46:32+00:00,2724,24.43,33.08,26.52,49.77,17.6,42.68,16.93,53.71
2025-02-14 15:46:53+00:00,2725,24.43,33.17,26.28,49.76,17.49,42.86,16.95,53.94
2025-02-14 15:47:10+00:00,2726,24.26,33.18,26.21,49.88,17.16,42.8,16.99,54.10
2025-02-14 15:47:25+00:00,2727,24.34,33.27,26.35,49.89,17.18,42.85,17.07,54.38
2025-02-14 15:47:41+00:00,2728,24.25,33.31,26.17,49.9,17.09,42.86,17.08,54.64
2025-02-14 15:47:56+00:00,2729,24.08,33.37,26.32,50.03,16.99,42.9,17.07,54.79
2025-02-14 15:48:12+00:00,2730,24.12,33.37,26.38,50.16,17.01,43.06,17.06,55.06
2025-02-14 15:48:28+00:00,2731,24.08,33.46,26.32,50.15,16.88,43.04,16.98,55.27
2025-02-14 15:48:43+00:00,2732,23.91,33.46,26.39,50.29,16.83,42.97,16.99,55.28
2025-02-14 15:48:59+00:00,2733,23.9,33.48,26.58,50.42,16.83,43.15,16.99,55.53
2025-02-14 15:49:14+00:00,2734,23.79,33.52,26.64,50.58,16.78,43.09,16.93,55.73
2025-02-14 15:49:30+00:00,2735,23.69,33.56,26.64,50.8,16.74,43.29,16.92,55.88
2025-02-14 15:49:46+00:00,2736,23.64,33.65,26.62,50.96,16.71,43.37,16.84,56.10
2025-02-14 15:50:01+00:00,2737,23.64,33.61,26.8,51.1,17.46,42.87,17.12,55.00
2025-02-14 15:50:17+00:00,2738,23.58,33.27,26.82,51.23,19.36,41.82,19.14,51.22
2025-02-14 15:50:33+00:00,2739,23.65,32.99,26.81,51.25,20.53,41.03,20.26,47.00
2025-02-14 15:50:48+00:00,2740,23.81,32.7,26.79,51.23,21.29,40.37,20.55,43.48
2025-02-14 15:51:04+00:00,2741,23.91,32.49,26.65,51.23,21.83,37.12,20.95,40.80
2025-02-14 15:51:20+00:00,2742,23.99,32.23,26.71,51.17,22.25,40.27,21.09,38.94
2025-02-14 15:51:35+00:00,2743,24.08,32.04,26.46,51.09,22.51,42.47,21.18,37.54
2025-02-14 15:51:51+00:00,2744,24.17,31.93,26.55,50.96,22.78,43.31,21.21,36.41
2025-02-14 15:52:07+00:00,2745,24.24,31.75,26.67,50.96,22.95,45.09,21.12,35.48
2025-02-14 15:52:23+00:00,2746,24.24,31.65,26.64,50.86,23.09,45.71,21.21,34.75
2025-02-14 15:52:40+00:00,2747,24.34,31.47,26.46,50.85,23.31,46.74,21.37,33.85
2025-02-14 15:52:56+00:00,2748,24.43,31.38,26.46,50.82,23.48,46.84,21.49,33.27
2025-02-14 15:53:11+00:00,2749,24.52,31.37,26.38,50.83,22.56,42.23,18.99,38.62
2025-02-14 15:53:27+00:00,2750,24.52,31.75,26.29,50.69,20.82,40.83,15.5,46.44
2025-02-14 15:53:43+00:00,2751,24.52,32.09,26.37,50.67,19.76,40.52,12.79,49.34
2025-02-14 15:53:58+00:00,2752,24.52,32.23,26.26,50.51,19.69,40.42,12.47,50.53
2025-02-14 15:54:14+00:00,2753,24.5,32.51,26.36,50.41,19.76,40.08,12.68,51.19
2025-02-14 15:54:29+00:00,2754,24.52,32.61,26.36,50.29,19.58,39.45,14.01,51.63
2025-02-14 15:54:45+00:00,2755,24.34,32.71,26.37,50.28,19.47,39.12,15.34,52.23
2025-02-14 15:55:01+00:00,2756,24.35,32.8,26.27,50.15,19.21,38.93,15.95,52.74
2025-02-14 15:55:16+00:00,2757,24.17,32.88,26.18,50.14,18.98,39.07,16.32,53.04
2025-02-14 15:55:32+00:00,2758,24.24,32.98,26.12,50.14,18.63,38.97,16.48,53.33
2025-02-14 15:55:47+00:00,2759,24.13,33.07,26.18,50.16,18.35,38.97,16.47,53.36
2025-02-14 15:56:03+00:00,2760,24.07,33.18,26.21,50.19,18.37,38.54,16.65,53.78
2025-02-14 15:56:19+00:00,2761,23.98,33.27,26.32,50.28,18.33,38.52,17.0,54.12
2025-02-14 15:56:35+00:00,2762,23.82,33.37,26.26,50.29,18.19,38.56,17.1,54.37
2025-02-14 15:56:50+00:00,2763,23.9,33.56,26.29,50.42,18.08,38.62,17.18,54.66
2025-02-14 15:57:06+00:00,2764,23.82,33.59,26.2,50.41,17.86,38.14,17.22,54.81
2025-02-14 15:57:22+00:00,2765,23.82,33.67,26.2,50.42,17.9,38.74,17.25,54.95
2025-02-14 15:57:37+00:00,2766,23.73,33.84,26.28,50.59,17.92,38.59,17.31,55.28
2025-02-14 15:57:53+00:00,2767,23.62,33.9,26.38,50.68,17.9,38.64,17.26,55.58
2025-02-14 15:58:08+00:00,2768,23.64,33.95,26.37,50.82,17.83,38.92,17.25,55.73
2025-02-14 15:58:24+00:00,2769,23.6,34.04,26.37,50.86,17.66,39.01,17.15,55.86
2025-02-14 15:58:40+00:00,2770,23.55,34.04,26.21,51.06,17.68,39.01,17.19,56.03
2025-02-14 15:58:56+00:00,2771,23.56,34.04,26.2,51.17,17.66,39.21,17.18,56.19
2025-02-14 15:59:11+00:00,2772,23.55,34.05,26.31,51.27,17.55,38.99,17.16,56.34
2025-02-14 15:59:27+00:00,2773,23.63,33.95,26.37,51.5,18.29,39.04,17.42,55.42
2025-02-14 15:59:42+00:00,2774,23.47,33.56,26.38,51.52,20.0,38.21,19.53,51.65
2025-02-14 15:59:58+00:00,2775,23.64,33.27,26.28,51.65,21.06,37.79,20.63,47.48
2025-02-14 16:00:14+00:00,2776,23.72,32.98,26.22,51.65,21.64,37.28,21.06,44.41
2025-02-14 16:00:31+00:00,2777,23.89,32.69,26.19,51.65,22.33,37.42,21.39,40.91
2025-02-14 16:00:47+00:00,2778,23.98,32.41,26.36,51.49,22.69,40.07,21.57,39.09
2025-02-14 16:01:03+00:00,2779,23.99,32.22,26.36,51.51,22.95,41.86,21.65,37.74
2025-02-14 16:01:18+00:00,2780,24.08,32.12,26.2,51.38,23.19,43.88,21.8,36.55
2025-02-14 16:01:34+00:00,2781,24.17,31.95,26.13,51.37,23.36,44.82,21.9,35.51
2025-02-14 16:01:50+00:00,2782,24.28,31.85,26.18,51.34,23.5,46.41,22.02,34.72
2025-02-14 16:02:05+00:00,2783,24.34,31.74,26.27,51.23,23.63,47.02,22.16,34.04
2025-02-14 16:02:21+00:00,2784,24.43,31.62,26.22,51.22,23.9,45.0,22.25,33.37
2025-02-14 16:02:36+00:00,2785,24.51,31.66,26.03,51.19,22.45,41.68,18.87,40.60
2025-02-14 16:02:52+00:00,2786,24.52,32.03,26.1,51.1,20.79,40.48,15.55,47.32
2025-02-14 16:03:08+00:00,2787,24.6,32.22,26.01,50.96,20.28,40.05,12.84,49.61
2025-02-14 16:03:23+00:00,2788,24.45,32.32,26.07,50.69,20.47,39.83,12.86,50.66
2025-02-14 16:03:40+00:00,2789,24.46,32.51,26.09,50.55,19.95,39.21,13.17,51.23
2025-02-14 16:03:55+00:00,2790,24.42,32.6,26.1,50.41,19.5,38.96,14.79,51.65
2025-02-14 16:04:10+00:00,2791,24.34,32.78,26.37,50.41,19.38,39.1,15.82,52.34
2025-02-14 16:04:26+00:00,2792,24.43,32.89,26.46,50.29,19.07,38.72,16.27,52.91
2025-02-14 16:04:42+00:00,2793,24.4,32.97,26.5,50.28,18.91,38.4,16.57,53.21
2025-02-14 16:04:57+00:00,2794,24.34,33.08,26.28,50.21,18.55,38.71,16.74,53.61
2025-02-14 16:05:13+00:00,2795,24.39,33.08,26.25,50.18,18.17,38.17,16.82,53.54
2025-02-14 16:05:28+00:00,2796,24.34,33.16,26.33,50.28,18.16,38.34,16.99,53.79
2025-02-14 16:05:44+00:00,2797,24.21,33.25,26.3,50.29,17.99,38.6,17.03,54.22
2025-02-14 16:06:00+00:00,2798,24.25,33.28,26.38,50.29,17.9,38.5,17.05,54.53
2025-02-14 16:06:15+00:00,2799,24.07,33.35,26.29,50.29,17.79,38.29,17.03,54.78
2025-02-14 16:06:31+00:00,2800,24.17,33.37,26.34,50.37,17.43,38.36,17.05,54.82
2025-02-14 16:06:47+00:00,2801,23.99,33.38,26.35,50.41,17.43,38.17,17.07,54.97
2025-02-14 16:07:02+00:00,2802,23.91,33.46,26.35,50.43,17.28,38.11,17.09,55.12
2025-02-14 16:07:18+00:00,2803,23.82,33.56,26.31,50.55,17.66,38.53,17.31,54.81
2025-02-14 16:07:34+00:00,2804,23.86,33.17,26.46,50.59,19.57,37.39,19.25,51.53
2025-02-14 16:07:49+00:00,2805,23.81,32.89,26.71,50.8,20.79,36.92,20.6,47.69
2025-02-14 16:08:04+00:00,2806,23.9,32.69,26.72,50.93,21.47,36.49,21.1,44.77
2025-02-14 16:08:20+00:00,2807,24.01,32.41,26.64,50.82,22.13,36.33,21.47,41.57
2025-02-14 16:08:36+00:00,2808,24.07,32.22,26.66,50.81,22.52,39.5,21.65,39.51
2025-02-14 16:08:51+00:00,2809,24.12,32.03,26.63,50.69,22.77,40.94,21.73,38.15
2025-02-14 16:09:08+00:00,2810,24.19,31.85,26.59,50.57,23.01,43.14,21.81,36.91
2025-02-14 16:09:23+00:00,2811,24.34,31.74,26.72,50.55,23.2,44.68,21.93,35.72
2025-02-14 16:09:39+00:00,2812,24.35,31.57,26.71,50.59,23.32,45.94,22.04,34.92
2025-02-14 16:09:54+00:00,2813,24.42,31.47,26.65,50.54,23.55,46.77,22.15,34.19
2025-02-14 16:10:10+00:00,2814,24.46,31.37,26.75,50.54,23.71,45.05,22.23,33.56
2025-02-14 16:10:25+00:00,2815,24.53,31.4,26.82,50.42,22.29,41.69,18.97,40.55
2025-02-14 16:10:41+00:00,2816,24.55,31.84,26.82,50.41,20.63,40.5,15.68,46.90
2025-02-14 16:10:57+00:00,2817,24.52,32.03,26.76,50.2,19.66,40.16,12.38,48.99
2025-02-14 16:11:12+00:00,2818,24.52,32.2,26.62,50.01,20.09,40.03,12.39,49.89
2025-02-14 16:11:28+00:00,2819,24.52,32.4,26.82,49.76,19.48,39.42,12.61,50.29
2025-02-14 16:11:44+00:00,2820,24.6,32.41,26.73,49.57,19.25,39.0,14.07,50.61
2025-02-14 16:11:59+00:00,2821,24.52,32.56,26.53,49.48,19.05,38.91,15.25,51.23
2025-02-14 16:12:15+00:00,2822,24.43,32.61,26.81,49.46,18.67,38.96,15.87,51.63
2025-02-14 16:12:30+00:00,2823,24.42,32.69,26.87,49.37,18.54,38.63,16.3,52.07
2025-02-14 16:12:46+00:00,2824,24.34,32.79,26.46,49.36,18.19,38.38,16.46,52.37
2025-02-14 16:13:02+00:00,2825,24.34,32.79,26.34,49.37,17.89,38.01,16.6,52.42
2025-02-14 16:13:18+00:00,2826,24.28,32.88,26.12,49.36,17.82,37.94,16.76,52.77
2025-02-14 16:13:33+00:00,2827,24.25,32.88,26.09,49.37,17.6,38.15,16.81,53.06
2025-02-14 16:13:49+00:00,2828,24.17,32.88,26.14,49.37,17.49,38.26,16.89,53.31
2025-02-14 16:14:05+00:00,2829,24.14,32.98,26.21,49.37,17.35,38.1,16.93,53.63
2025-02-14 16:14:20+00:00,2830,24.08,32.98,26.31,49.49,17.08,38.46,16.9,53.63
2025-02-14 16:14:36+00:00,2831,23.91,32.98,26.33,49.58,17.01,38.54,16.97,53.92
2025-02-14 16:14:51+00:00,2832,23.83,33.08,26.36,49.61,16.93,38.53,16.97,54.22
2025-02-14 16:15:07+00:00,2833,23.82,33.08,26.52,49.64,16.88,38.34,16.91,54.37
2025-02-14 16:15:23+00:00,2834,23.9,33.17,26.48,49.77,16.85,38.4,16.89,54.65
2025-02-14 16:15:38+00:00,2835,23.72,33.18,26.37,49.88,16.69,38.8,16.88,54.80
2025-02-14 16:15:54+00:00,2836,23.81,33.26,26.3,50.02,16.66,38.49,16.91,54.96
2025-02-14 16:16:09+00:00,2837,23.64,33.27,26.19,50.15,16.65,38.75,16.94,55.13
2025-02-14 16:16:26+00:00,2838,23.73,33.36,26.28,50.29,16.61,39.03,16.9,55.28
2025-02-14 16:16:41+00:00,2839,23.55,33.37,26.38,50.41,16.65,38.63,16.96,55.54
2025-02-14 16:16:56+00:00,2840,23.7,33.37,26.28,50.55,17.49,38.54,17.26,54.50
2025-02-14 16:17:12+00:00,2841,23.64,32.98,26.19,50.55,19.38,37.97,19.29,50.71
2025-02-14 16:17:28+00:00,2842,23.7,32.65,26.19,50.71,20.52,37.63,20.34,46.77
2025-02-14 16:17:43+00:00,2843,23.81,32.41,26.1,50.82,21.29,36.9,20.8,43.47
2025-02-14 16:17:59+00:00,2844,23.89,32.13,26.1,50.83,21.83,37.12,21.02,40.83
2025-02-14 16:18:14+00:00,2845,23.9,31.94,26.21,50.79,22.24,40.56,21.13,38.88
2025-02-14 16:18:30+00:00,2846,24.04,31.75,26.29,50.69,22.55,41.94,21.13,37.53
2025-02-14 16:18:48+00:00,2847,24.1,31.56,26.35,50.69,22.78,43.4,20.69,36.41
2025-02-14 16:19:03+00:00,2848,24.18,31.47,26.37,50.69,23.01,45.04,20.55,35.31
2025-02-14 16:19:19+00:00,2849,24.26,31.36,26.34,50.61,23.12,45.94,20.78,34.43
2025-02-14 16:19:35+00:00,2850,24.34,31.26,26.32,50.58,23.3,46.66,20.92,33.75
2025-02-14 16:19:51+00:00,2851,24.42,31.18,26.46,50.62,23.55,47.63,21.51,33.24
2025-02-14 16:20:06+00:00,2852,24.52,31.1,26.34,50.57,23.65,46.9,21.65,32.70
2025-02-14 16:20:22+00:00,2853,24.59,31.1,26.37,50.56,22.59,42.3,18.96,38.21
2025-02-14 16:20:38+00:00,2854,24.6,31.47,26.26,50.44,20.86,41.15,15.25,45.97
2025-02-14 16:20:53+00:00,2855,24.6,31.75,26.32,50.4,19.8,39.99,12.99,48.72
2025-02-14 16:21:09+00:00,2856,24.52,31.94,26.43,50.15,19.7,39.14,12.11,49.89
2025-02-14 16:21:25+00:00,2857,24.52,32.12,26.45,50.01,19.65,38.98,13.17,50.68
2025-02-14 16:21:40+00:00,2858,24.52,32.21,26.44,49.87,19.23,38.05,14.53,50.98
2025-02-14 16:22:01+00:00,2859,24.41,32.33,26.38,49.75,19.12,38.21,15.63,51.78
2025-02-14 16:22:17+00:00,2860,24.25,32.41,26.38,49.69,18.7,37.63,16.13,52.20
2025-02-14 16:22:34+00:00,2861,24.34,32.5,26.38,49.61,18.46,37.79,15.86,52.63
2025-02-14 16:22:49+00:00,2862,24.27,32.6,26.33,49.62,18.02,37.61,16.54,52.92
2025-02-14 16:23:05+00:00,2863,24.25,32.61,26.19,49.66,17.78,37.59,16.66,53.04
2025-02-14 16:23:21+00:00,2864,24.24,32.69,26.37,49.71,17.76,37.63,16.02,53.39
2025-02-14 16:23:36+00:00,2865,24.17,32.78,26.37,49.75,17.53,37.54,16.39,53.66
2025-02-14 16:23:52+00:00,2866,24.14,32.79,26.45,49.76,17.4,37.54,16.41,54.01
2025-02-14 16:24:08+00:00,2867,23.99,32.9,26.1,49.77,17.25,37.88,16.94,54.20
2025-02-14 16:24:23+00:00,2868,23.9,32.99,25.97,49.89,16.99,37.75,16.98,54.23
2025-02-14 16:24:39+00:00,2869,23.9,33.0,25.82,49.89,17.05,37.77,17.06,54.52
2025-02-14 16:24:54+00:00,2870,23.73,33.04,25.93,50.02,17.0,37.53,17.0,54.81
2025-02-14 16:25:10+00:00,2871,23.81,33.01,26.09,50.14,16.93,37.73,17.0,54.88
2025-02-14 16:25:26+00:00,2872,23.72,33.08,26.08,50.15,16.83,37.85,16.99,55.12
2025-02-14 16:25:41+00:00,2873,23.72,32.85,26.02,50.29,18.46,37.16,18.11,52.49
2025-02-14 16:25:57+00:00,2874,23.73,32.5,26.07,50.29,19.93,36.46,19.74,48.38
2025-02-14 16:26:13+00:00,2875,23.81,32.22,26.02,50.41,20.69,36.0,20.35,45.00
2025-02-14 16:26:28+00:00,2876,23.91,31.96,25.91,50.41,21.37,35.76,20.78,41.47
2025-02-14 16:26:44+00:00,2877,23.96,31.74,25.92,50.29,21.84,39.08,21.02,39.20
2025-02-14 16:26:59+00:00,2878,24.07,31.55,26.01,50.29,22.19,41.48,21.13,37.62
2025-02-14 16:27:15+00:00,2879,24.16,31.37,25.99,50.17,22.45,42.94,21.23,36.32
2025-02-14 16:27:31+00:00,2880,24.25,31.26,26.08,50.15,22.62,44.55,21.38,35.32
2025-02-14 16:27:46+00:00,2881,24.26,31.1,26.02,50.15,22.77,45.77,21.49,34.52
2025-02-14 16:28:02+00:00,2882,24.34,31.0,26.1,50.15,22.94,46.88,21.65,33.76
2025-02-14 16:28:18+00:00,2883,24.42,30.92,26.09,50.13,23.2,47.15,21.73,33.16
2025-02-14 16:28:33+00:00,2884,24.43,30.82,26.15,50.06,23.29,47.23,21.81,32.53
2025-02-14 16:28:49+00:00,2885,24.57,30.76,26.29,50.09,22.85,42.51,20.61,35.22
2025-02-14 16:29:04+00:00,2886,24.6,31.08,26.33,50.02,20.92,41.17,16.47,44.17
2025-02-14 16:29:20+00:00,2887,24.6,31.48,26.28,49.93,19.72,39.88,13.86,48.06
2025-02-14 16:29:36+00:00,2888,24.67,31.66,26.38,49.81,19.59,39.51,13.26,49.61
2025-02-14 16:29:51+00:00,2889,24.52,31.94,26.18,49.63,19.66,39.51,14.3,50.69
2025-02-14 16:30:07+00:00,2890,24.6,32.13,26.01,49.62,19.14,39.32,15.4,51.11
2025-02-14 16:30:23+00:00,2891,24.52,32.22,25.91,49.62,19.07,39.02,16.18,51.76
2025-02-14 16:30:38+00:00,2892,24.43,32.32,25.82,49.63,18.8,38.84,16.62,52.30
2025-02-14 16:30:54+00:00,2893,24.34,32.4,25.79,49.62,18.65,38.48,16.81,52.63
2025-02-14 16:31:09+00:00,2894,24.33,32.44,25.75,49.64,18.42,38.65,17.02,53.06
2025-02-14 16:31:25+00:00,2895,24.34,32.51,25.65,49.66,18.01,38.03,16.97,53.18
2025-02-14 16:31:41+00:00,2896,24.25,32.51,25.73,49.63,17.92,37.77,17.07,53.37
2025-02-14 16:31:56+00:00,2897,24.25,32.6,25.84,49.73,17.75,37.79,17.08,53.66
2025-02-14 16:32:12+00:00,2898,24.06,32.67,26.06,49.76,17.58,37.98,17.07,53.93
2025-02-14 16:32:28+00:00,2899,24.08,32.71,26.19,49.88,17.46,38.15,16.99,54.22
2025-02-14 16:32:43+00:00,2900,23.99,32.81,25.96,49.89,17.16,38.07,16.95,54.37
2025-02-14 16:32:59+00:00,2901,23.9,32.88,26.01,50.01,17.03,37.78,17.0,54.37
2025-02-14 16:33:15+00:00,2902,23.81,32.95,25.97,50.03,17.0,38.13,17.06,54.67
2025-02-14 16:33:30+00:00,2903,23.82,32.98,26.21,50.19,16.94,37.93,16.99,54.94
2025-02-14 16:33:46+00:00,2904,23.73,33.07,25.79,50.39,16.9,37.99,16.99,55.12
2025-02-14 16:34:02+00:00,2905,23.74,33.08,25.93,50.43,16.82,37.84,16.91,55.24
